-- Create the database
DROP DATABASE IF EXISTS pharmacy_sales_db;
CREATE DATABASE pharmacy_sales_db;
USE pharmacy_sales_db;

-- Table: patients
CREATE TABLE patients (
    patient_id INT PRIMARY KEY,
    name VARCHAR(255) NOT NULL,
    gender VARCHAR(10),
    age INT,
    location VARCHAR(255)
);

-- Table: drugs
CREATE TABLE drugs (
    drug_id INT PRIMARY KEY,
    drug_name VARCHAR(255) NOT NULL,
    category VARCHAR(255),
    price_per_unit DECIMAL(10, 2) NOT NULL
);

-- Table: pharmacists
CREATE TABLE pharmacists (
    pharmacist_id INT PRIMARY KEY,
    name VARCHAR(255) NOT NULL
);

-- Table: prescriptions
CREATE TABLE prescriptions (
    prescription_id INT PRIMARY KEY,
    patient_id INT NOT NULL,
    drug_id INT NOT NULL,
    quantity INT NOT NULL,
    prescription_date DATE NOT NULL,
    pharmacist_id INT NOT NULL,
    FOREIGN KEY (patient_id) REFERENCES patients(patient_id),
    FOREIGN KEY (drug_id) REFERENCES drugs(drug_id),
    FOREIGN KEY (pharmacist_id) REFERENCES pharmacists(pharmacist_id)
);

-- Populate data into 'patients' table
INSERT INTO patients (patient_id, name, gender, age, location) VALUES
(1, 'Allison Hill', 'Male', 58, 'Port Mikeside'),
(2, 'Noah Rhodes', 'Male', 69, 'South David'),
(3, 'Angie Henderson', 'Female', 77, 'Michaelton'),
(4, 'Daniel Wagner', 'Male', 42, 'Jasonbury'),
(5, 'Cristian Santos', 'Male', 80, 'West Kimberlychester'),
(6, 'Connie Lawrence', 'Male', 11, 'East Michelle'),
(7, 'Abigail Shaffer', 'Male', 24, 'South Angel'),
(8, 'Gina Moore', 'Male', 78, 'Kimberlychester'),
(9, 'Gabrielle Davis', 'Female', 44, 'West Erik'),
(10, 'Ryan Munoz', 'Male', 53, 'South Monicafort'),
(11, 'Monica Herrera', 'Male', 24, 'East Lisa'),
(12, 'Jamie Arnold', 'Male', 47, 'Baileybury'),
(13, 'Lisa Hensley', 'Male', 65, 'North Donna'),
(14, 'Michele Williams', 'Male', 30, 'Murphyland'),
(15, 'Dylan Miller', 'Male', 68, 'Michaelhaven'),
(16, 'Brian Ramirez', 'Male', 10, 'Frazierside'),
(17, 'Holly Wood', 'Female', 43, 'Sheilaville'),
(18, 'Derek Zuniga', 'Male', 74, 'Gregoryview'),
(19, 'Lisa Jackson', 'Female', 32, 'North Candacestad'),
(20, 'Carla Gray', 'Female', 74, 'Samuelhaven'),
(21, 'Margaret Hawkins DDS', 'Male', 23, 'South Rachelborough'),
(22, 'Patty Perez', 'Male', 48, 'Bradleychester'),
(23, 'Ethan Adams', 'Female', 74, 'New Saraside'),
(24, 'Tommy Walter', 'Female', 35, 'West Ryan'),
(25, 'Matthew Foster', 'Female', 29, 'Cindyville'),
(26, 'Judy Baker', 'Male', 57, 'Williamchester'),
(27, 'Justin Baker', 'Male', 30, 'Richardport'),
(28, 'Stephanie Ross', 'Female', 79, 'East Robert'),
(29, 'Zachary Hicks', 'Male', 77, 'Byrdburgh'),
(30, 'Anthony Rodriguez', 'Male', 10, 'Richardtown'),
(31, 'Rebecca Henderson', 'Female', 51, 'Justinchester'),
(32, 'James Ferrell', 'Male', 72, 'Stevenmouth'),
(33, 'Tricia Valencia', 'Female', 12, 'New Thomas'),
(34, 'Nathan Maldonado', 'Female', 24, 'Lake Christopher'),
(35, 'Debra Davidson', 'Female', 56, 'Clarencebury'),
(36, 'Jeffrey Chavez', 'Male', 49, 'Jeffreyborough'),
(37, 'Sherri Baker', 'Female', 40, 'North Brandon'),
(38, 'Cassandra Gaines', 'Male', 17, 'Carrland'),
(39, 'Elizabeth Fowler', 'Female', 40, 'Perryshire'),
(40, 'Brittany Farmer', 'Male', 82, 'Lake Heather'),
(41, 'Paula Moreno', 'Female', 20, 'Rossberg'),
(42, 'Fred Smith', 'Female', 20, 'Port Michelleville'),
(43, 'Sherry Decker', 'Male', 72, 'Robinsonhaven'),
(44, 'Anthony Humphrey', 'Male', 18, 'Williamsbury'),
(45, 'Angelica Tucker', 'Male', 78, 'South Dennismouth'),
(46, 'Philip Cannon', 'Male', 26, 'Stephaniemouth'),
(47, 'John Pierce', 'Female', 26, 'Rivasside'),
(48, 'Shane Henderson', 'Male', 70, 'Merrittfort'),
(49, 'Joshua Blair', 'Male', 80, 'Greenbury'),
(50, 'Eric Carney', 'Male', 31, 'Katiehaven'),
(51, 'Jessica Holmes', 'Female', 43, 'Simsview'),
(52, 'Danny Morgan', 'Female', 77, 'Jonesport'),
(53, 'Crystal Robinson', 'Female', 64, 'West Matthew'),
(54, 'Mark Perez', 'Female', 37, 'East Edwardfurt'),
(55, 'Shannon Jones', 'Male', 79, 'Lake Jason'),
(56, 'Michael Lewis', 'Female', 35, 'Russellside'),
(57, 'Timothy Duncan', 'Female', 49, 'Perryborough'),
(58, 'Richard Aguirre', 'Male', 61, 'Priceshire'),
(59, 'Brent Jordan', 'Female', 57, 'Port Nicoleshire'),
(60, 'John Daniel', 'Male', 66, 'Woodsstad'),
(61, 'Victoria Garcia', 'Male', 76, 'Karenchester'),
(62, 'Gerald Hensley', 'Male', 67, 'South Jeffrey'),
(63, 'Connor West', 'Male', 25, 'Tuckerfurt'),
(64, 'Donald Wright', 'Female', 41, 'Elizabethfurt'),
(65, 'Jessica Callahan', 'Female', 38, 'Port Tanner'),
(66, 'Amber Kidd', 'Female', 18, 'New Amanda'),
(67, 'Tracy House', 'Male', 53, 'Vargastown'),
(68, 'Carol Tucker', 'Female', 12, 'Lake Roymouth'),
(69, 'James Brown', 'Male', 85, 'North Jorge'),
(70, 'William Baker', 'Male', 80, 'Jasonmouth'),
(71, 'Jordan Henderson', 'Male', 39, 'Kathleenfurt'),
(72, 'Whitney Peters', 'Female', 85, 'Karenchester'),
(73, 'Brittney Phillips', 'Female', 38, 'Maryfort'),
(74, 'Lauren Daniels', 'Female', 10, 'Lake Amberstad'),
(75, 'Amy Silva', 'Male', 19, 'Lake Casey'),
(76, 'Sarah Moore', 'Male', 17, 'Port Anthonybury'),
(77, 'Angela Lopez', 'Female', 39, 'Port Andrew'),
(78, 'Megan Young', 'Male', 18, 'East David'),
(79, 'Steve Sanchez', 'Female', 14, 'New Staciemouth'),
(80, 'Lisa Barnes', 'Female', 52, 'Katieburgh'),
(81, 'Kelly Donovan', 'Female', 19, 'Port Loriport'),
(82, 'Mike Allen', 'Male', 75, 'New Anthonyport'),
(83, 'Michael Evans', 'Female', 40, 'Sandersborough'),
(84, 'Paul Jones', 'Male', 45, 'New Hannahbury'),
(85, 'Zachary Ferrell', 'Male', 72, 'Lake Kendraville'),
(86, 'Daniel Baker', 'Female', 37, 'West Amandastad'),
(87, 'Shirley Suarez', 'Female', 79, 'New Deborahtown'),
(88, 'Christopher Bass', 'Female', 26, 'Shortville'),
(89, 'Lisa Archer', 'Female', 83, 'Yumouth'),
(90, 'Aimee Montoya', 'Male', 83, 'South Gregory'),
(91, 'Matthew Mcmillan', 'Male', 70, 'Christinaside'),
(92, 'Brian Rodriguez', 'Female', 41, 'Marshallshire'),
(93, 'Denise Jacobs', 'Male', 70, 'Marcusbury'),
(94, 'Christina Walters', 'Male', 62, 'West Nicolebury'),
(95, 'John Whitehead', 'Male', 34, 'Hudsonfurt'),
(96, 'Anna Henderson', 'Male', 22, 'Anthonymouth'),
(97, 'Aaron Wise', 'Male', 22, 'South Jason'),
(98, 'Deborah Figueroa', 'Female', 65, 'Matthewview'),
(99, 'Jessica Smith', 'Male', 55, 'New Stacyland'),
(100, 'Stephen Mckee', 'Female', 64, 'Lake Richard');

-- Populate data into 'drugs' table
INSERT INTO drugs (drug_id, drug_name, category, price_per_unit) VALUES
(1, 'Drug oXc', 'Antidepressant', 46.95),
(2, 'Drug qpJ', 'Antibiotic', 20.47),
(3, 'Drug azL', 'Analgesic', 44.71),
(4, 'Drug lOz', 'Antihistamine', 35.92),
(5, 'Drug jRs', 'Antacid', 26.80),
(6, 'Drug TlE', 'Antihistamine', 49.35),
(7, 'Drug dbz', 'Analgesic', 15.56),
(8, 'Drug xEo', 'Antacid', 37.65),
(9, 'Drug HPj', 'Antibiotic', 8.81),
(10, 'Drug AUJ', 'Antacid', 12.64),
(11, 'Drug lLe', 'Antidepressant', 45.99),
(12, 'Drug khQ', 'Antihistamine', 14.58),
(13, 'Drug opS', 'Antacid', 39.16),
(14, 'Drug EYd', 'Antibiotic', 32.01),
(15, 'Drug ejv', 'Antidepressant', 42.85),
(16, 'Drug nnl', 'Antihistamine', 21.56),
(17, 'Drug DrG', 'Antacid', 20.31),
(18, 'Drug BvW', 'Antidepressant', 18.10),
(19, 'Drug wUU', 'Antibiotic', 44.03),
(20, 'Drug ptl', 'Analgesic', 32.18),
(21, 'Drug xHv', 'Analgesic', 47.94),
(22, 'Drug MfW', 'Antidepressant', 44.93),
(23, 'Drug tvj', 'Antihistamine', 11.09),
(24, 'Drug LGn', 'Analgesic', 29.80),
(25, 'Drug IAT', 'Antidepressant', 9.69),
(26, 'Drug cVp', 'Antacid', 6.76),
(27, 'Drug Zef', 'Analgesic', 8.29),
(28, 'Drug JDL', 'Antidepressant', 43.98),
(29, 'Drug kqZ', 'Antibiotic', 40.47),
(30, 'Drug OHP', 'Antacid', 42.28);

-- Populate data into 'pharmacists' table
INSERT INTO pharmacists (pharmacist_id, name) VALUES
(1, 'John Doe'),
(2, 'Jane Smith'),
(3, 'Peter Jones'),
(4, 'Alice Brown'),
(5, 'Robert White'),
(6, 'Emily Green'),
(7, 'Michael Black'),
(8, 'Sarah Blue'),
(9, 'David Grey'),
(10, 'Laura Red');

-- Populate data into 'prescriptions' table
INSERT INTO prescriptions (prescription_id, patient_id, drug_id, quantity, prescription_date, pharmacist_id) VALUES
(1, 44, 4, 5, STR_TO_DATE('5/27/2025', '%m/%d/%Y'), 10),
(2, 15, 9, 2, STR_TO_DATE('3/10/2025', '%m/%d/%Y'), 6),
(3, 79, 24, 1, STR_TO_DATE('1/13/2025', '%m/%d/%Y'), 8),
(4, 76, 30, 5, STR_TO_DATE('5/18/2025', '%m/%d/%Y'), 5),
(5, 49, 3, 4, STR_TO_DATE('4/1/2025', '%m/%d/%Y'), 4),
(6, 10, 5, 3, STR_TO_DATE('1/27/2025', '%m/%d/%Y'), 4),
(7, 74, 25, 4, STR_TO_DATE('3/4/2025', '%m/%d/%Y'), 10),
(8, 71, 20, 2, STR_TO_DATE('4/21/2025', '%m/%d/%Y'), 8),
(9, 29, 27, 3, STR_TO_DATE('3/11/2025', '%m/%d/%Y'), 4),
(10, 73, 22, 2, STR_TO_DATE('1/20/2025', '%m/%d/%Y'), 7),
(11, 11, 22, 1, STR_TO_DATE('2/19/2025', '%m/%d/%Y'), 8),
(12, 35, 23, 2, STR_TO_DATE('5/18/2025', '%m/%d/%Y'), 6),
(13, 47, 3, 5, STR_TO_DATE('4/3/2025', '%m/%d/%Y'), 9),
(14, 38, 15, 4, STR_TO_DATE('4/4/2025', '%m/%d/%Y'), 4),
(15, 73, 28, 5, STR_TO_DATE('12/2/2024', '%m/%d/%Y'), 8),
(16, 69, 30, 2, STR_TO_DATE('4/29/2025', '%m/%d/%Y'), 2),
(17, 15, 8, 5, STR_TO_DATE('3/14/2025', '%m/%d/%Y'), 5),
(18, 59, 28, 3, STR_TO_DATE('4/11/2025', '%m/%d/%Y'), 7),
(19, 36, 13, 4, STR_TO_DATE('5/4/2025', '%m/%d/%Y'), 4),
(20, 14, 26, 5, STR_TO_DATE('12/14/2024', '%m/%d/%Y'), 1),
(21, 6, 29, 2, STR_TO_DATE('12/31/2024', '%m/%d/%Y'), 9),
(22, 38, 14, 2, STR_TO_DATE('5/30/2025', '%m/%d/%Y'), 7),
(23, 2, 13, 2, STR_TO_DATE('4/6/2025', '%m/%d/%Y'), 9),
(24, 79, 6, 4, STR_TO_DATE('4/11/2025', '%m/%d/%Y'), 8),
(25, 86, 30, 3, STR_TO_DATE('12/9/2024', '%m/%d/%Y'), 2),
(26, 2, 11, 3, STR_TO_DATE('3/30/2025', '%m/%d/%Y'), 7),
(27, 12, 15, 4, STR_TO_DATE('3/20/2025', '%m/%d/%Y'), 10),
(28, 53, 5, 2, STR_TO_DATE('2/10/2025', '%m/%d/%Y'), 9),
(29, 15, 20, 1, STR_TO_DATE('12/7/2024', '%m/%d/%Y'), 10),
(30, 6, 30, 2, STR_TO_DATE('4/22/2025', '%m/%d/%Y'), 10),
(31, 25, 16, 3, STR_TO_DATE('12/8/2024', '%m/%d/%Y'), 7),
(32, 31, 7, 1, STR_TO_DATE('5/3/2025', '%m/%d/%Y'), 1),
(33, 76, 4, 1, STR_TO_DATE('2/3/2025', '%m/%d/%Y'), 6),
(34, 54, 14, 2, STR_TO_DATE('4/21/2025', '%m/%d/%Y'), 8),
(35, 21, 20, 4, STR_TO_DATE('4/12/2025', '%m/%d/%Y'), 1),
(36, 15, 18, 3, STR_TO_DATE('12/4/2024', '%m/%d/%Y'), 4),
(37, 58, 14, 4, STR_TO_DATE('1/31/2025', '%m/%d/%Y'), 5),
(38, 22, 30, 1, STR_TO_DATE('12/28/2024', '%m/%d/%Y'), 1),
(39, 88, 4, 2, STR_TO_DATE('3/10/2025', '%m/%d/%Y'), 9),
(40, 31, 22, 1, STR_TO_DATE('2/16/2025', '%m/%d/%Y'), 2),
(41, 21, 10, 1, STR_TO_DATE('3/14/2025', '%m/%d/%Y'), 5),
(42, 96, 9, 5, STR_TO_DATE('2/3/2025', '%m/%d/%Y'), 9),
(43, 14, 8, 1, STR_TO_DATE('3/24/2025', '%m/%d/%Y'), 6),
(44, 56, 13, 2, STR_TO_DATE('5/29/2025', '%m/%d/%Y'), 9),
(45, 49, 24, 1, STR_TO_DATE('5/24/2025', '%m/%d/%Y'), 10),
(46, 70, 18, 4, STR_TO_DATE('3/29/2025', '%m/%d/%Y'), 9),
(47, 38, 1, 5, STR_TO_DATE('1/30/2025', '%m/%d/%Y'), 5),
(48, 71, 7, 5, STR_TO_DATE('12/2/2024', '%m/%d/%Y'), 9),
(49, 33, 17, 4, STR_TO_DATE('4/27/2025', '%m/%d/%Y'), 7),
(50, 92, 15, 3, STR_TO_DATE('2/15/2025', '%m/%d/%Y'), 9),
(51, 62, 19, 3, STR_TO_DATE('5/29/2025', '%m/%d/%Y'), 9),
(52, 41, 1, 1, STR_TO_DATE('1/24/2025', '%m/%d/%Y'), 7),
(53, 13, 1, 5, STR_TO_DATE('2/15/2025', '%m/%d/%Y'), 10),
(54, 27, 21, 2, STR_TO_DATE('5/4/2025', '%m/%d/%Y'), 10),
(55, 84, 20, 1, STR_TO_DATE('5/9/2025', '%m/%d/%Y'), 5),
(56, 41, 8, 2, STR_TO_DATE('1/25/2025', '%m/%d/%Y'), 8),
(57, 6, 27, 4, STR_TO_DATE('5/19/2025', '%m/%d/%Y'), 5),
(58, 4, 9, 2, STR_TO_DATE('4/10/2025', '%m/%d/%Y'), 3),
(59, 2, 7, 4, STR_TO_DATE('4/12/2025', '%m/%d/%Y'), 9),
(60, 38, 6, 4, STR_TO_DATE('2/1/2025', '%m/%d/%Y'), 8),
(61, 93, 10, 4, STR_TO_DATE('1/12/2025', '%m/%d/%Y'), 10),
(62, 77, 5, 2, STR_TO_DATE('5/9/2025', '%m/%d/%Y'), 3),
(63, 41, 18, 2, STR_TO_DATE('12/28/2024', '%m/%d/%Y'), 9),
(64, 58, 7, 2, STR_TO_DATE('5/14/2025', '%m/%d/%Y'), 3),
(65, 51, 9, 3, STR_TO_DATE('5/12/2025', '%m/%d/%Y'), 5),
(66, 41, 10, 4, STR_TO_DATE('4/12/2025', '%m/%d/%Y'), 1),
(67, 52, 19, 5, STR_TO_DATE('12/8/2024', '%m/%d/%Y'), 7),
(68, 9, 25, 5, STR_TO_DATE('3/31/2025', '%m/%d/%Y'), 10),
(69, 9, 9, 4, STR_TO_DATE('5/22/2025', '%m/%d/%Y'), 1),
(70, 41, 27, 2, STR_TO_DATE('1/3/2025', '%m/%d/%Y'), 6),
(71, 77, 22, 4, STR_TO_DATE('4/23/2025', '%m/%d/%Y'), 7),
(72, 59, 15, 3, STR_TO_DATE('1/10/2025', '%m/%d/%Y'), 7),
(73, 15, 26, 3, STR_TO_DATE('1/3/2025', '%m/%d/%Y'), 5),
(74, 33, 28, 4, STR_TO_DATE('2/18/2025', '%m/%d/%Y'), 1),
(75, 28, 26, 5, STR_TO_DATE('4/15/2025', '%m/%d/%Y'), 2),
(76, 80, 28, 1, STR_TO_DATE('5/20/2025', '%m/%d/%Y'), 2),
(77, 100, 6, 2, STR_TO_DATE('2/24/2025', '%m/%d/%Y'), 1),
(78, 70, 18, 1, STR_TO_DATE('3/22/2025', '%m/%d/%Y'), 7),
(79, 89, 12, 1, STR_TO_DATE('2/10/2025', '%m/%d/%Y'), 5),
(80, 61, 16, 1, STR_TO_DATE('4/7/2025', '%m/%d/%Y'), 8),
(81, 85, 14, 1, STR_TO_DATE('5/4/2025', '%m/%d/%Y'), 5),
(82, 46, 28, 4, STR_TO_DATE('1/16/2025', '%m/%d/%Y'), 6),
(83, 34, 4, 3, STR_TO_DATE('4/15/2025', '%m/%d/%Y'), 8),
(84, 24, 25, 4, STR_TO_DATE('1/21/2025', '%m/%d/%Y'), 6),
(85, 70, 7, 5, STR_TO_DATE('5/8/2025', '%m/%d/%Y'), 7),
(86, 27, 19, 3, STR_TO_DATE('5/15/2025', '%m/%d/%Y'), 8),
(87, 40, 29, 2, STR_TO_DATE('3/2/2025', '%m/%d/%Y'), 2),
(88, 26, 13, 4, STR_TO_DATE('1/11/2025', '%m/%d/%Y'), 8),
(89, 32, 7, 2, STR_TO_DATE('4/24/2025', '%m/%d/%Y'), 6),
(90, 47, 10, 2, STR_TO_DATE('5/8/2025', '%m/%d/%Y'), 3),
(91, 11, 26, 1, STR_TO_DATE('5/17/2025', '%m/%d/%Y'), 7),
(92, 36, 4, 1, STR_TO_DATE('4/10/2025', '%m/%d/%Y'), 3),
(93, 12, 29, 4, STR_TO_DATE('12/12/2024', '%m/%d/%Y'), 1),
(94, 97, 26, 2, STR_TO_DATE('5/3/2025', '%m/%d/%Y'), 3),
(95, 58, 1, 5, STR_TO_DATE('3/27/2025', '%m/%d/%Y'), 5),
(96, 12, 4, 1, STR_TO_DATE('12/3/2024', '%m/%d/%Y'), 6),
(97, 84, 19, 5, STR_TO_DATE('2/8/2025', '%m/%d/%Y'), 3),
(98, 74, 24, 4, STR_TO_DATE('3/18/2025', '%m/%d/%Y'), 10),
(99, 83, 1, 3, STR_TO_DATE('3/10/2025', '%m/%d/%Y'), 5),
(100, 44, 18, 2, STR_TO_DATE('5/19/2025', '%m/%d/%Y'), 7),
(101, 30, 10, 1, STR_TO_DATE('2/3/2025', '%m/%d/%Y'), 5),
(102, 50, 22, 4, STR_TO_DATE('4/30/2025', '%m/%d/%Y'), 9),
(103, 40, 25, 3, STR_TO_DATE('5/14/2025', '%m/%d/%Y'), 5),
(104, 6, 24, 1, STR_TO_DATE('4/23/2025', '%m/%d/%Y'), 7),
(105, 42, 21, 1, STR_TO_DATE('1/27/2025', '%m/%d/%Y'), 5),
(106, 24, 5, 5, STR_TO_DATE('2/20/2025', '%m/%d/%Y'), 7),
(107, 41, 3, 1, STR_TO_DATE('2/15/2025', '%m/%d/%Y'), 6),
(108, 75, 17, 5, STR_TO_DATE('5/15/2025', '%m/%d/%Y'), 8),
(109, 39, 12, 2, STR_TO_DATE('3/17/2025', '%m/%d/%Y'), 4),
(110, 32, 19, 1, STR_TO_DATE('2/4/2025', '%m/%d/%Y'), 8),
(111, 43, 26, 3, STR_TO_DATE('12/11/2024', '%m/%d/%Y'), 7),
(112, 13, 10, 1, STR_TO_DATE('1/21/2025', '%m/%d/%Y'), 7),
(113, 70, 14, 4, STR_TO_DATE('5/6/2025', '%m/%d/%Y'), 2),
(114, 79, 17, 1, STR_TO_DATE('2/16/2025', '%m/%d/%Y'), 2),
(115, 75, 22, 2, STR_TO_DATE('5/19/2025', '%m/%d/%Y'), 3),
(116, 77, 12, 1, STR_TO_DATE('5/20/2025', '%m/%d/%Y'), 4),
(117, 12, 25, 4, STR_TO_DATE('2/23/2025', '%m/%d/%Y'), 3),
(118, 32, 17, 2, STR_TO_DATE('1/24/2025', '%m/%d/%Y'), 4),
(119, 29, 11, 3, STR_TO_DATE('12/5/2024', '%m/%d/%Y'), 1),
(120, 3, 1, 2, STR_TO_DATE('1/9/2025', '%m/%d/%Y'), 2),
(121, 32, 4, 4, STR_TO_DATE('1/16/2025', '%m/%d/%Y'), 5),
(122, 52, 15, 4, STR_TO_DATE('12/7/2024', '%m/%d/%Y'), 3),
(123, 10, 23, 3, STR_TO_DATE('12/15/2024', '%m/%d/%Y'), 8),
(124, 35, 15, 3, STR_TO_DATE('3/28/2025', '%m/%d/%Y'), 2),
(125, 71, 12, 3, STR_TO_DATE('5/5/2025', '%m/%d/%Y'), 7),
(126, 10, 10, 2, STR_TO_DATE('2/18/2025', '%m/%d/%Y'), 3),
(127, 94, 18, 2, STR_TO_DATE('2/20/2025', '%m/%d/%Y'), 1),
(128, 10, 13, 1, STR_TO_DATE('5/31/2025', '%m/%d/%Y'), 2),
(129, 3, 11, 5, STR_TO_DATE('4/29/2025', '%m/%d/%Y'), 7),
(130, 82, 26, 5, STR_TO_DATE('3/9/2025', '%m/%d/%Y'), 10),
(131, 2, 24, 2, STR_TO_DATE('1/24/2025', '%m/%d/%Y'), 1),
(132, 38, 22, 3, STR_TO_DATE('4/14/2025', '%m/%d/%Y'), 9),
(133, 97, 19, 4, STR_TO_DATE('4/15/2025', '%m/%d/%Y'), 4),
(134, 46, 16, 5, STR_TO_DATE('3/13/2025', '%m/%d/%Y'), 9),
(135, 64, 4, 5, STR_TO_DATE('5/31/2025', '%m/%d/%Y'), 7),
(136, 61, 21, 5, STR_TO_DATE('3/26/2025', '%m/%d/%Y'), 6),
(137, 20, 30, 1, STR_TO_DATE('12/28/2024', '%m/%d/%Y'), 1),
(138, 13, 13, 3, STR_TO_DATE('3/28/2025', '%m/%d/%Y'), 2),
(139, 65, 13, 5, STR_TO_DATE('1/27/2025', '%m/%d/%Y'), 9),
(140, 100, 7, 4, STR_TO_DATE('4/19/2025', '%m/%d/%Y'), 7),
(141, 42, 18, 5, STR_TO_DATE('5/13/2025', '%m/%d/%Y'), 2),
(142, 10, 1, 2, STR_TO_DATE('12/26/2024', '%m/%d/%Y'), 5),
(143, 66, 9, 5, STR_TO_DATE('12/9/2024', '%m/%d/%Y'), 5),
(144, 86, 21, 4, STR_TO_DATE('4/29/2025', '%m/%d/%Y'), 3),
(145, 23, 20, 1, STR_TO_DATE('1/4/2025', '%m/%d/%Y'), 8),
(146, 23, 24, 3, STR_TO_DATE('1/26/2025', '%m/%d/%Y'), 1),
(147, 100, 29, 5, STR_TO_DATE('4/10/2025', '%m/%d/%Y'), 4),
(148, 20, 24, 1, STR_TO_DATE('4/18/2025', '%m/%d/%Y'), 2),
(149, 19, 27, 3, STR_TO_DATE('2/18/2025', '%m/%d/%Y'), 7),
(150, 41, 24, 2, STR_TO_DATE('5/7/2025', '%m/%d/%Y'), 2),
(151, 40, 17, 1, STR_TO_DATE('3/18/2025', '%m/%d/%Y'), 8),
(152, 14, 7, 2, STR_TO_DATE('4/14/2025', '%m/%d/%Y'), 5),
(153, 91, 30, 1, STR_TO_DATE('1/17/2025', '%m/%d/%Y'), 9),
(154, 66, 15, 2, STR_TO_DATE('2/1/2025', '%m/%d/%Y'), 8),
(155, 78, 20, 4, STR_TO_DATE('12/31/2024', '%m/%d/%Y'), 7),
(156, 38, 27, 1, STR_TO_DATE('3/18/2025', '%m/%d/%Y'), 2),
(157, 17, 17, 1, STR_TO_DATE('3/14/2025', '%m/%d/%Y'), 10),
(158, 27, 14, 1, STR_TO_DATE('5/3/2025', '%m/%d/%Y'), 8),
(159, 19, 30, 5, STR_TO_DATE('1/1/2025', '%m/%d/%Y'), 2),
(160, 70, 24, 4, STR_TO_DATE('4/22/2025', '%m/%d/%Y'), 3),
(161, 93, 23, 5, STR_TO_DATE('4/2/2025', '%m/%d/%Y'), 7),
(162, 5, 10, 3, STR_TO_DATE('5/25/2025', '%m/%d/%Y'), 10),
(163, 100, 23, 1, STR_TO_DATE('2/3/2025', '%m/%d/%Y'), 4),
(164, 41, 6, 3, STR_TO_DATE('3/15/2025', '%m/%d/%Y'), 3),
(165, 80, 15, 1, STR_TO_DATE('5/16/2025', '%m/%d/%Y'), 9),
(166, 87, 20, 2, STR_TO_DATE('1/12/2025', '%m/%d/%Y'), 5),
(167, 71, 22, 5, STR_TO_DATE('1/18/2025', '%m/%d/%Y'), 7),
(168, 96, 17, 1, STR_TO_DATE('5/12/2025', '%m/%d/%Y'), 9),
(169, 89, 7, 4, STR_TO_DATE('1/17/2025', '%m/%d/%Y'), 5),
(170, 27, 12, 2, STR_TO_DATE('2/4/2025', '%m/%d/%Y'), 8),
(171, 23, 17, 4, STR_TO_DATE('2/23/2025', '%m/%d/%Y'), 9),
(172, 39, 1, 4, STR_TO_DATE('1/24/2025', '%m/%d/%Y'), 4),
(173, 56, 22, 1, STR_TO_DATE('3/6/2025', '%m/%d/%Y'), 10),
(174, 69, 13, 5, STR_TO_DATE('12/1/2024', '%m/%d/%Y'), 6),
(175, 21, 19, 3, STR_TO_DATE('3/7/2025', '%m/%d/%Y'), 8),
(176, 7, 14, 1, STR_TO_DATE('3/12/2025', '%m/%d/%Y'), 2),
(177, 92, 13, 3, STR_TO_DATE('3/27/2025', '%m/%d/%Y'), 1),
(178, 86, 11, 3, STR_TO_DATE('3/19/2025', '%m/%d/%Y'), 6),
(179, 32, 28, 1, STR_TO_DATE('12/30/2024', '%m/%d/%Y'), 5),
(180, 33, 20, 3, STR_TO_DATE('5/24/2025', '%m/%d/%Y'), 1),
(181, 100, 19, 1, STR_TO_DATE('5/1/2025', '%m/%d/%Y'), 9),
(182, 9, 24, 4, STR_TO_DATE('12/21/2024', '%m/%d/%Y'), 8),
(183, 88, 23, 1, STR_TO_DATE('6/1/2025', '%m/%d/%Y'), 5),
(184, 58, 29, 3, STR_TO_DATE('5/13/2025', '%m/%d/%Y'), 2),
(185, 56, 24, 3, STR_TO_DATE('12/9/2024', '%m/%d/%Y'), 4),
(186, 71, 3, 2, STR_TO_DATE('2/10/2025', '%m/%d/%Y'), 9),
(187, 33, 16, 3, STR_TO_DATE('4/14/2025', '%m/%d/%Y'), 5),
(188, 70, 24, 4, STR_TO_DATE('3/1/2025', '%m/%d/%Y'), 5),
(189, 57, 8, 1, STR_TO_DATE('2/13/2025', '%m/%d/%Y'), 4),
(190, 69, 21, 3, STR_TO_DATE('12/9/2024', '%m/%d/%Y'), 7),
(191, 59, 21, 1, STR_TO_DATE('12/26/2024', '%m/%d/%Y'), 3),
(192, 2, 10, 4, STR_TO_DATE('4/17/2025', '%m/%d/%Y'), 3),
(193, 51, 21, 2, STR_TO_DATE('2/13/2025', '%m/%d/%Y'), 5),
(194, 44, 1, 5, STR_TO_DATE('1/7/2025', '%m/%d/%Y'), 4),
(195, 22, 14, 5, STR_TO_DATE('2/21/2025', '%m/%d/%Y'), 7),
(196, 34, 24, 2, STR_TO_DATE('2/28/2025', '%m/%d/%Y'), 9),
(197, 63, 21, 3, STR_TO_DATE('4/23/2025', '%m/%d/%Y'), 10),
(198, 4, 5, 3, STR_TO_DATE('1/14/2025', '%m/%d/%Y'), 1),
(199, 83, 21, 5, STR_TO_DATE('5/18/2025', '%m/%d/%Y'), 9),
(200, 54, 25, 4, STR_TO_DATE('4/28/2025', '%m/%d/%Y'), 10),
(201, 74, 30, 5, STR_TO_DATE('12/5/2024', '%m/%d/%Y'), 9),
(202, 3, 13, 4, STR_TO_DATE('12/12/2024', '%m/%d/%Y'), 3),
(203, 8, 26, 1, STR_TO_DATE('2/16/2025', '%m/%d/%Y'), 7),
(204, 89, 9, 2, STR_TO_DATE('3/22/2025', '%m/%d/%Y'), 5),
(205, 46, 28, 4, STR_TO_DATE('2/24/2025', '%m/%d/%Y'), 5),
(206, 75, 6, 5, STR_TO_DATE('12/29/2024', '%m/%d/%Y'), 8),
(207, 18, 25, 5, STR_TO_DATE('1/5/2025', '%m/%d/%Y'), 5),
(208, 76, 3, 5, STR_TO_DATE('5/16/2025', '%m/%d/%Y'), 5),
(209, 17, 27, 5, STR_TO_DATE('5/22/2025', '%m/%d/%Y'), 8),
(210, 18, 25, 5, STR_TO_DATE('4/27/2025', '%m/%d/%Y'), 4),
(211, 34, 20, 1, STR_TO_DATE('4/19/2025', '%m/%d/%Y'), 8),
(212, 36, 1, 3, STR_TO_DATE('4/26/2025', '%m/%d/%Y'), 6),
(213, 51, 12, 2, STR_TO_DATE('4/19/2025', '%m/%d/%Y'), 10),
(214, 73, 30, 2, STR_TO_DATE('5/13/2025', '%m/%d/%Y'), 8),
(215, 52, 9, 3, STR_TO_DATE('2/2/2025', '%m/%d/%Y'), 4),
(216, 23, 26, 4, STR_TO_DATE('12/28/2024', '%m/%d/%Y'), 6),
(217, 79, 23, 5, STR_TO_DATE('5/13/2025', '%m/%d/%Y'), 3),
(218, 12, 14, 3, STR_TO_DATE('1/9/2025', '%m/%d/%Y'), 10),
(219, 30, 28, 1, STR_TO_DATE('3/9/2025', '%m/%d/%Y'), 3),
(220, 63, 22, 4, STR_TO_DATE('1/26/2025', '%m/%d/%Y'), 10),
(221, 1, 18, 3, STR_TO_DATE('12/26/2024', '%m/%d/%Y'), 8),
(222, 23, 10, 2, STR_TO_DATE('5/28/2025', '%m/%d/%Y'), 9),
(223, 68, 5, 5, STR_TO_DATE('2/6/2025', '%m/%d/%Y'), 3),
(224, 41, 15, 1, STR_TO_DATE('4/12/2025', '%m/%d/%Y'), 1),
(225, 65, 27, 1, STR_TO_DATE('1/31/2025', '%m/%d/%Y'), 9),
(226, 84, 9, 3, STR_TO_DATE('2/11/2025', '%m/%d/%Y'), 6),
(227, 57, 16, 5, STR_TO_DATE('2/12/2025', '%m/%d/%Y'), 9),
(228, 88, 6, 3, STR_TO_DATE('1/23/2025', '%m/%d/%Y'), 3),
(229, 82, 15, 4, STR_TO_DATE('2/24/2025', '%m/%d/%Y'), 4),
(230, 94, 17, 3, STR_TO_DATE('3/5/2025', '%m/%d/%Y'), 6),
(231, 29, 2, 3, STR_TO_DATE('2/5/2025', '%m/%d/%Y'), 10),
(232, 31, 9, 3, STR_TO_DATE('3/22/2025', '%m/%d/%Y'), 8),
(233, 41, 17, 3, STR_TO_DATE('3/14/2025', '%m/%d/%Y'), 8),
(234, 64, 4, 3, STR_TO_DATE('12/30/2024', '%m/%d/%Y'), 6),
(235, 88, 24, 5, STR_TO_DATE('1/17/2025', '%m/%d/%Y'), 2),
(236, 62, 19, 5, STR_TO_DATE('12/24/2024', '%m/%d/%Y'), 3),
(237, 29, 14, 1, STR_TO_DATE('3/30/2025', '%m/%d/%Y'), 3),
(238, 92, 3, 5, STR_TO_DATE('12/5/2024', '%m/%d/%Y'), 5),
(239, 53, 12, 1, STR_TO_DATE('1/5/2025', '%m/%d/%Y'), 4),
(240, 44, 3, 2, STR_TO_DATE('1/20/2025', '%m/%d/%Y'), 2),
(241, 72, 22, 3, STR_TO_DATE('4/22/2025', '%m/%d/%Y'), 9),
(242, 79, 15, 3, STR_TO_DATE('4/3/2025', '%m/%d/%Y'), 1),
(243, 94, 1, 3, STR_TO_DATE('3/21/2025', '%m/%d/%Y'), 10),
(244, 84, 6, 5, STR_TO_DATE('1/30/2025', '%m/%d/%Y'), 3),
(245, 36, 17, 1, STR_TO_DATE('12/5/2024', '%m/%d/%Y'), 2),
(246, 83, 23, 4, STR_TO_DATE('12/1/2024', '%m/%d/%Y'), 4),
(247, 29, 6, 3, STR_TO_DATE('4/29/2025', '%m/%d/%Y'), 10),
(248, 7, 23, 4, STR_TO_DATE('5/1/2025', '%m/%d/%Y'), 4),
(249, 10, 3, 4, STR_TO_DATE('2/17/2025', '%m/%d/%Y'), 9),
(250, 98, 13, 3, STR_TO_DATE('4/17/2025', '%m/%d/%Y'), 10),
(251, 66, 21, 4, STR_TO_DATE('4/10/2025', '%m/%d/%Y'), 5),
(252, 83, 23, 1, STR_TO_DATE('3/3/2025', '%m/%d/%Y'), 7),
(253, 48, 9, 5, STR_TO_DATE('12/1/2024', '%m/%d/%Y'), 6),
(254, 21, 20, 1, STR_TO_DATE('5/4/2025', '%m/%d/%Y'), 1),
(255, 66, 10, 2, STR_TO_DATE('1/30/2025', '%m/%d/%Y'), 1),
(256, 99, 7, 1, STR_TO_DATE('1/29/2025', '%m/%d/%Y'), 5),
(257, 27, 17, 5, STR_TO_DATE('2/22/2025', '%m/%d/%Y'), 10),
(258, 40, 7, 4, STR_TO_DATE('1/8/2025', '%m/%d/%Y'), 4),
(259, 39, 8, 5, STR_TO_DATE('5/15/2025', '%m/%d/%Y'), 2),
(260, 89, 29, 3, STR_TO_DATE('4/1/2025', '%m/%d/%Y'), 4),
(261, 39, 11, 2, STR_TO_DATE('3/20/2025', '%m/%d/%Y'), 5),
(262, 71, 9, 5, STR_TO_DATE('4/16/2025', '%m/%d/%Y'), 6),
(263, 48, 3, 3, STR_TO_DATE('5/29/2025', '%m/%d/%Y'), 5),
(264, 22, 3, 3, STR_TO_DATE('12/26/2024', '%m/%d/%Y'), 10),
(265, 90, 23, 3, STR_TO_DATE('1/13/2025', '%m/%d/%Y'), 9),
(266, 90, 27, 4, STR_TO_DATE('3/19/2025', '%m/%d/%Y'), 7),
(267, 95, 30, 3, STR_TO_DATE('1/27/2025', '%m/%d/%Y'), 1),
(268, 60, 17, 4, STR_TO_DATE('12/26/2024', '%m/%d/%Y'), 2),
(269, 77, 22, 5, STR_TO_DATE('5/4/2025', '%m/%d/%Y'), 6),
(270, 11, 12, 3, STR_TO_DATE('2/11/2025', '%m/%d/%Y'), 6),
(271, 16, 15, 5, STR_TO_DATE('4/8/2025', '%m/%d/%Y'), 3),
(272, 78, 17, 5, STR_TO_DATE('12/12/2024', '%m/%d/%Y'), 2),
(273, 66, 18, 2, STR_TO_DATE('4/19/2025', '%m/%d/%Y'), 5),
(274, 74, 24, 1, STR_TO_DATE('4/13/2025', '%m/%d/%Y'), 3),
(275, 49, 2, 2, STR_TO_DATE('5/4/2025', '%m/%d/%Y'), 10),
(276, 23, 6, 3, STR_TO_DATE('5/23/2025', '%m/%d/%Y'), 1),
(277, 20, 10, 2, STR_TO_DATE('3/21/2025', '%m/%d/%Y'), 6),
(278, 33, 21, 5, STR_TO_DATE('4/9/2025', '%m/%d/%Y'), 2),
(279, 55, 24, 2, STR_TO_DATE('12/27/2024', '%m/%d/%Y'), 2),
(280, 28, 23, 1, STR_TO_DATE('12/16/2024', '%m/%d/%Y'), 2),
(281, 73, 27, 2, STR_TO_DATE('4/3/2025', '%m/%d/%Y'), 5),
(282, 93, 18, 4, STR_TO_DATE('4/1/2025', '%m/%d/%Y'), 6),
(283, 97, 9, 5, STR_TO_DATE('3/23/2025', '%m/%d/%Y'), 4),
(284, 7, 12, 1, STR_TO_DATE('5/2/2025', '%m/%d/%Y'), 5),
(285, 64, 20, 1, STR_TO_DATE('3/17/2025', '%m/%d/%Y'), 9),
(286, 88, 24, 5, STR_TO_DATE('1/31/2025', '%m/%d/%Y'), 1),
(287, 51, 8, 3, STR_TO_DATE('1/19/2025', '%m/%d/%Y'), 6),
(288, 92, 13, 1, STR_TO_DATE('2/9/2025', '%m/%d/%Y'), 1),
(289, 82, 18, 2, STR_TO_DATE('12/6/2024', '%m/%d/%Y'), 2),
(290, 45, 13, 3, STR_TO_DATE('2/23/2025', '%m/%d/%Y'), 3),
(291, 50, 6, 1, STR_TO_DATE('4/7/2025', '%m/%d/%Y'), 7),
(292, 66, 16, 5, STR_TO_DATE('12/17/2024', '%m/%d/%Y'), 6),
(293, 22, 26, 5, STR_TO_DATE('3/1/2025', '%m/%d/%Y'), 4),
(294, 70, 9, 1, STR_TO_DATE('12/10/2024', '%m/%d/%Y'), 2),
(295, 94, 28, 1, STR_TO_DATE('2/17/2025', '%m/%d/%Y'), 6),
(296, 6, 20, 2, STR_TO_DATE('2/25/2025', '%m/%d/%Y'), 5),
(297, 68, 11, 2, STR_TO_DATE('12/29/2024', '%m/%d/%Y'), 1),
(298, 12, 23, 5, STR_TO_DATE('1/29/2025', '%m/%d/%Y'), 9),
(299, 33, 8, 4, STR_TO_DATE('12/27/2024', '%m/%d/%Y'), 6),
(300, 81, 9, 1, STR_TO_DATE('5/5/2025', '%m/%d/%Y'), 2);
