transaction_id,account_id,transaction_type,amount,transaction_date
TX00001,ACC0001,deposit,12944.9,2023-01-17 00:00:00
TX00002,ACC0001,payment,9451.9,2023-02-15 00:00:00
TX00003,ACC0001,payment,7466.16,2023-08-21 00:00:00
TX00004,ACC0001,payment,6681.93,2023-10-29 00:00:00
TX00005,ACC0001,payment,19276.04,2023-04-26 00:00:00
TX00006,ACC0001,deposit,7763.44,2023-06-10 00:00:00
TX00007,ACC0001,deposit,3472.91,2023-10-08 00:00:00
TX00008,ACC0001,deposit,16899.84,2023-11-19 00:00:00
TX00009,ACC0001,withdrawal,2033.81,2023-10-15 00:00:00
TX00010,ACC0001,withdrawal,7237.07,2023-05-07 00:00:00
TX00011,ACC0001,withdrawal,17559.72,2023-09-30 00:00:00
TX00012,ACC0001,transfer,2818.76,2023-09-03 00:00:00
TX00013,ACC0001,deposit,5942.48,2023-09-04 00:00:00
TX00014,ACC0002,deposit,12269.12,2023-11-12 00:00:00
TX00015,ACC0002,withdrawal,10080.17,2023-06-22 00:00:00
TX00016,ACC0002,deposit,1511.72,2023-05-22 00:00:00
TX00017,ACC0002,transfer,6826.1,2023-04-02 00:00:00
TX00018,ACC0002,withdrawal,8825.64,2023-12-08 00:00:00
TX00019,ACC0002,deposit,3185.33,2023-07-09 00:00:00
TX00020,ACC0002,deposit,11857.58,2023-12-08 00:00:00
TX00021,ACC0002,deposit,872.81,2023-09-28 00:00:00
TX00022,ACC0002,deposit,2628.5,2023-09-21 00:00:00
TX00023,ACC0002,withdrawal,4394.84,2023-01-05 00:00:00
TX00024,ACC0002,withdrawal,16856.26,2023-12-16 00:00:00
TX00025,ACC0002,withdrawal,12784.86,2023-11-04 00:00:00
TX00026,ACC0003,payment,10374.38,2023-06-07 00:00:00
TX00027,ACC0003,deposit,8036.54,2023-10-02 00:00:00
TX00028,ACC0003,withdrawal,1661.28,2023-08-17 00:00:00
TX00029,ACC0003,deposit,1709.37,2023-05-07 00:00:00
TX00030,ACC0003,withdrawal,8238.16,2023-02-27 00:00:00
TX00031,ACC0003,payment,8902.81,2023-04-06 00:00:00
TX00032,ACC0003,withdrawal,14320.46,2023-08-25 00:00:00
TX00033,ACC0003,deposit,19101.82,2023-07-11 00:00:00
TX00034,ACC0003,withdrawal,12273.24,2023-09-04 00:00:00
TX00035,ACC0003,deposit,11364.14,2023-03-27 00:00:00
TX00036,ACC0003,deposit,2409.85,2023-03-10 00:00:00
TX00037,ACC0003,deposit,6297.12,2023-07-23 00:00:00
TX00038,ACC0003,deposit,15290.95,2023-12-07 00:00:00
TX00039,ACC0003,withdrawal,3546.72,2023-08-10 00:00:00
TX00040,ACC0003,withdrawal,1056.37,2023-09-03 00:00:00
TX00041,ACC0003,withdrawal,1001.55,2023-08-11 00:00:00
TX00042,ACC0003,deposit,18675.38,2023-04-06 00:00:00
TX00043,ACC0003,transfer,13208,2023-01-04 00:00:00
TX00044,ACC0003,withdrawal,18883.44,2023-09-15 00:00:00
TX00045,ACC0003,deposit,11756.93,2023-12-06 00:00:00
TX00046,ACC0003,withdrawal,7824.58,2023-02-02 00:00:00
TX00047,ACC0003,withdrawal,10957.77,2023-04-11 00:00:00
TX00048,ACC0003,withdrawal,16426.49,2023-06-17 00:00:00
TX00049,ACC0003,payment,3996.24,2023-01-12 00:00:00
TX00050,ACC0003,deposit,462.61,2023-08-30 00:00:00
TX00051,ACC0004,deposit,13148.88,2023-04-03 00:00:00
TX00052,ACC0004,transfer,563.11,2023-04-25 00:00:00
TX00053,ACC0004,deposit,2451.48,2023-04-24 00:00:00
TX00054,ACC0004,withdrawal,17561.69,2023-08-05 00:00:00
TX00055,ACC0004,transfer,5712.49,2023-12-23 00:00:00
TX00056,ACC0004,withdrawal,16156.01,2023-06-26 00:00:00
TX00057,ACC0004,withdrawal,2641.03,2023-04-06 00:00:00
TX00058,ACC0004,deposit,18622.07,2023-02-06 00:00:00
TX00059,ACC0004,deposit,13628.91,2023-10-06 00:00:00
TX00060,ACC0004,withdrawal,2152.16,2023-09-30 00:00:00
TX00061,ACC0004,withdrawal,9981.57,2023-08-05 00:00:00
TX00062,ACC0004,deposit,17920.91,2023-06-26 00:00:00
TX00063,ACC0005,deposit,18117.1,2023-03-17 00:00:00
TX00064,ACC0005,deposit,19140.34,2023-08-11 00:00:00
TX00065,ACC0005,payment,11511.41,2023-05-24 00:00:00
TX00066,ACC0005,withdrawal,5934.89,2023-01-25 00:00:00
TX00067,ACC0005,withdrawal,4333.29,2023-02-22 00:00:00
TX00068,ACC0005,withdrawal,15813.4,2023-04-19 00:00:00
TX00069,ACC0005,payment,19487.54,2023-08-11 00:00:00
TX00070,ACC0005,deposit,14767.01,2023-08-09 00:00:00
TX00071,ACC0005,deposit,2429.63,2023-03-17 00:00:00
TX00072,ACC0005,withdrawal,16755.58,2023-09-10 00:00:00
TX00073,ACC0005,transfer,8579.22,2023-06-17 00:00:00
TX00074,ACC0005,deposit,16455.02,2023-05-02 00:00:00
TX00075,ACC0005,deposit,10315.19,2023-12-05 00:00:00
TX00076,ACC0006,deposit,7475.78,2023-05-25 00:00:00
TX00077,ACC0006,payment,19721.42,2023-05-12 00:00:00
TX00078,ACC0006,deposit,14192.81,2023-10-02 00:00:00
TX00079,ACC0006,withdrawal,11212.24,2023-04-01 00:00:00
TX00080,ACC0006,deposit,6672.03,2023-05-06 00:00:00
TX00081,ACC0006,withdrawal,325.94,2023-08-08 00:00:00
TX00082,ACC0006,withdrawal,14845.38,2023-11-13 00:00:00
TX00083,ACC0006,transfer,14909.81,2023-12-14 00:00:00
TX00084,ACC0006,payment,7559.92,2023-11-08 00:00:00
TX00085,ACC0006,withdrawal,8783.08,2023-02-27 00:00:00
TX00086,ACC0006,deposit,19400.59,2023-11-13 00:00:00
TX00087,ACC0006,deposit,963.68,2023-08-01 00:00:00
TX00088,ACC0006,payment,1568.55,2023-08-15 00:00:00
TX00089,ACC0006,withdrawal,1601.15,2023-02-16 00:00:00
TX00090,ACC0006,withdrawal,13945.4,2023-01-01 00:00:00
TX00091,ACC0006,withdrawal,11727.85,2023-05-24 00:00:00
TX00092,ACC0006,withdrawal,18313.56,2023-11-26 00:00:00
TX00093,ACC0007,transfer,9167.57,2023-06-05 00:00:00
TX00094,ACC0007,deposit,3476.63,2023-06-13 00:00:00
TX00095,ACC0007,withdrawal,7131.71,2023-06-27 00:00:00
TX00096,ACC0007,deposit,7270.87,2023-08-16 00:00:00
TX00097,ACC0007,payment,13993.42,2023-05-25 00:00:00
TX00098,ACC0007,deposit,8283.01,2023-08-08 00:00:00
TX00099,ACC0007,deposit,2750.38,2023-02-04 00:00:00
TX00100,ACC0007,transfer,19001.02,2023-09-13 00:00:00
TX00101,ACC0007,withdrawal,18391.61,2023-01-10 00:00:00
TX00102,ACC0007,payment,17334.67,2023-12-31 00:00:00
TX00103,ACC0007,deposit,8283.98,2023-03-06 00:00:00
TX00104,ACC0007,withdrawal,19707.19,2023-09-24 00:00:00
TX00105,ACC0007,withdrawal,7679.73,2023-12-08 00:00:00
TX00106,ACC0007,transfer,11424.72,2023-04-08 00:00:00
TX00107,ACC0007,deposit,2763.66,2023-11-07 00:00:00
TX00108,ACC0007,transfer,16276.73,2023-12-17 00:00:00
TX00109,ACC0007,withdrawal,18272,2023-01-23 00:00:00
TX00110,ACC0007,withdrawal,18900.84,2023-03-24 00:00:00
TX00111,ACC0007,deposit,9065.83,2023-01-01 00:00:00
TX00112,ACC0007,payment,12162.88,2023-10-15 00:00:00
TX00113,ACC0007,deposit,5446.58,2023-02-08 00:00:00
TX00114,ACC0007,withdrawal,10454.12,2023-04-28 00:00:00
TX00115,ACC0007,transfer,6224.77,2023-02-23 00:00:00
TX00116,ACC0007,payment,1859.32,2023-09-08 00:00:00
TX00117,ACC0007,withdrawal,2766.9,2023-10-30 00:00:00
TX00118,ACC0008,withdrawal,12823.29,2023-03-16 00:00:00
TX00119,ACC0008,deposit,2813.79,2023-09-09 00:00:00
TX00120,ACC0008,payment,12200.95,2023-12-04 00:00:00
TX00121,ACC0008,deposit,8805.75,2023-11-04 00:00:00
TX00122,ACC0008,withdrawal,9073.12,2023-12-01 00:00:00
TX00123,ACC0008,deposit,12479.53,2023-02-20 00:00:00
TX00124,ACC0008,withdrawal,15949.79,2023-05-18 00:00:00
TX00125,ACC0008,payment,9893.11,2023-12-06 00:00:00
TX00126,ACC0008,withdrawal,19602.65,2023-02-22 00:00:00
TX00127,ACC0008,deposit,4261.7,2023-02-12 00:00:00
TX00128,ACC0008,deposit,1609.68,2023-09-06 00:00:00
TX00129,ACC0008,withdrawal,11736.85,2023-01-08 00:00:00
TX00130,ACC0008,deposit,13960.38,2023-10-08 00:00:00
TX00131,ACC0008,transfer,9531.84,2023-04-03 00:00:00
TX00132,ACC0008,payment,12078.51,2023-02-20 00:00:00
TX00133,ACC0008,deposit,3461.81,2023-04-02 00:00:00
TX00134,ACC0008,deposit,732.91,2023-11-22 00:00:00
TX00135,ACC0008,deposit,9269.5,2023-12-12 00:00:00
TX00136,ACC0008,transfer,2662.09,2023-08-06 00:00:00
TX00137,ACC0008,withdrawal,882.31,2023-09-06 00:00:00
TX00138,ACC0008,withdrawal,13786.92,2023-02-25 00:00:00
TX00139,ACC0008,transfer,18425.36,2023-03-02 00:00:00
TX00140,ACC0008,deposit,17379.19,2023-01-08 00:00:00
TX00141,ACC0008,withdrawal,3771.97,2023-07-26 00:00:00
TX00142,ACC0009,deposit,9742.01,2023-01-28 00:00:00
TX00143,ACC0009,deposit,9304.44,2023-12-31 00:00:00
TX00144,ACC0009,deposit,3040.01,2023-01-07 00:00:00
TX00145,ACC0009,withdrawal,16904.37,2023-12-29 00:00:00
TX00146,ACC0009,withdrawal,2232.72,2023-10-21 00:00:00
TX00147,ACC0009,withdrawal,4925.16,2023-04-29 00:00:00
TX00148,ACC0009,deposit,499.42,2023-09-30 00:00:00
TX00149,ACC0009,deposit,6617.2,2023-10-27 00:00:00
TX00150,ACC0009,deposit,6924.24,2023-01-25 00:00:00
TX00151,ACC0009,withdrawal,15804.51,2023-04-19 00:00:00
TX00152,ACC0009,withdrawal,11725.57,2023-02-03 00:00:00
TX00153,ACC0009,withdrawal,11772.06,2023-08-24 00:00:00
TX00154,ACC0009,deposit,5747.14,2023-01-06 00:00:00
TX00155,ACC0009,transfer,12190.35,2023-11-11 00:00:00
TX00156,ACC0009,payment,12154.92,2023-10-16 00:00:00
TX00157,ACC0009,deposit,4584.12,2023-03-11 00:00:00
TX00158,ACC0009,deposit,3297.56,2023-11-27 00:00:00
TX00159,ACC0009,deposit,16136.71,2023-06-01 00:00:00
TX00160,ACC0009,transfer,1696.65,2023-08-31 00:00:00
TX00161,ACC0009,deposit,13969.53,2023-08-11 00:00:00
TX00162,ACC0009,transfer,11562.37,2023-03-16 00:00:00
TX00163,ACC0009,transfer,16359.73,2023-04-04 00:00:00
TX00164,ACC0009,deposit,13406,2023-07-13 00:00:00
TX00165,ACC0009,withdrawal,11475.09,2023-06-22 00:00:00
TX00166,ACC0010,deposit,19363.08,2023-11-20 00:00:00
TX00167,ACC0010,withdrawal,10201.45,2023-04-23 00:00:00
TX00168,ACC0010,withdrawal,14173.88,2023-05-22 00:00:00
TX00169,ACC0010,deposit,11666.64,2023-05-19 00:00:00
TX00170,ACC0010,payment,6480.78,2023-09-16 00:00:00
TX00171,ACC0010,deposit,6798.43,2023-01-10 00:00:00
TX00172,ACC0010,withdrawal,11023.55,2023-01-13 00:00:00
TX00173,ACC0010,withdrawal,1848.58,2023-11-15 00:00:00
TX00174,ACC0010,withdrawal,15228.53,2023-02-07 00:00:00
TX00175,ACC0010,withdrawal,7042.48,2023-11-01 00:00:00
TX00176,ACC0010,transfer,14944.89,2023-11-30 00:00:00
TX00177,ACC0010,payment,19819.5,2023-03-17 00:00:00
TX00178,ACC0010,deposit,18536.34,2023-11-16 00:00:00
TX00179,ACC0010,withdrawal,16852.39,2023-11-24 00:00:00
TX00180,ACC0010,transfer,15034.99,2023-11-12 00:00:00
TX00181,ACC0010,deposit,3368.89,2023-01-05 00:00:00
TX00182,ACC0010,deposit,12711.8,2023-03-03 00:00:00
TX00183,ACC0010,deposit,17556.29,2023-03-30 00:00:00
TX00184,ACC0010,withdrawal,9093.78,2023-04-14 00:00:00
TX00185,ACC0010,deposit,9307.33,2023-12-19 00:00:00
TX00186,ACC0010,withdrawal,10104.14,2023-06-02 00:00:00
TX00187,ACC0011,transfer,7739.44,2023-11-05 00:00:00
TX00188,ACC0011,payment,12522.34,2023-07-17 00:00:00
TX00189,ACC0011,payment,12591.39,2023-02-11 00:00:00
TX00190,ACC0011,deposit,15901.1,2023-06-06 00:00:00
TX00191,ACC0011,withdrawal,14855.07,2023-06-06 00:00:00
TX00192,ACC0011,deposit,6303.27,2023-10-16 00:00:00
TX00193,ACC0011,deposit,11440.8,2023-01-10 00:00:00
TX00194,ACC0011,withdrawal,15117.24,2023-04-28 00:00:00
TX00195,ACC0011,transfer,2301.57,2023-08-16 00:00:00
TX00196,ACC0011,withdrawal,12118.76,2023-01-15 00:00:00
TX00197,ACC0011,withdrawal,3083.36,2023-02-16 00:00:00
TX00198,ACC0011,withdrawal,15460.45,2023-04-05 00:00:00
TX00199,ACC0011,withdrawal,11353.62,2023-10-09 00:00:00
TX00200,ACC0011,deposit,6979.35,2023-01-11 00:00:00
TX00201,ACC0011,payment,6916.23,2023-05-14 00:00:00
TX00202,ACC0011,withdrawal,9293.92,2023-10-29 00:00:00
TX00203,ACC0011,withdrawal,18245.86,2023-04-14 00:00:00
TX00204,ACC0011,withdrawal,12267.94,2023-04-21 00:00:00
TX00205,ACC0011,withdrawal,11899.96,2023-12-22 00:00:00
TX00206,ACC0011,payment,15822.68,2023-10-20 00:00:00
TX00207,ACC0011,withdrawal,3135.53,2023-04-02 00:00:00
TX00208,ACC0011,deposit,1471.54,2023-02-20 00:00:00
TX00209,ACC0011,withdrawal,18693.9,2023-08-02 00:00:00
TX00210,ACC0011,payment,2543.93,2023-04-11 00:00:00
TX00211,ACC0011,payment,16794.07,2023-07-01 00:00:00
TX00212,ACC0011,transfer,6709.71,2023-02-24 00:00:00
TX00213,ACC0012,withdrawal,8040.15,2023-11-05 00:00:00
TX00214,ACC0012,deposit,16076.78,2023-04-27 00:00:00
TX00215,ACC0012,withdrawal,2373.92,2023-09-01 00:00:00
TX00216,ACC0012,withdrawal,18405.13,2023-07-29 00:00:00
TX00217,ACC0012,withdrawal,18377.25,2023-05-08 00:00:00
TX00218,ACC0012,deposit,9103.55,2023-06-28 00:00:00
TX00219,ACC0012,deposit,11594.88,2023-06-29 00:00:00
TX00220,ACC0012,withdrawal,18305.43,2023-06-26 00:00:00
TX00221,ACC0012,withdrawal,5623.98,2023-06-03 00:00:00
TX00222,ACC0012,deposit,13304.39,2023-12-03 00:00:00
TX00223,ACC0012,payment,3058.39,2023-04-28 00:00:00
TX00224,ACC0012,transfer,10747.89,2023-12-26 00:00:00
TX00225,ACC0012,withdrawal,11948.16,2023-05-21 00:00:00
TX00226,ACC0012,deposit,8593.1,2023-07-30 00:00:00
TX00227,ACC0012,deposit,9417.81,2023-11-01 00:00:00
TX00228,ACC0012,deposit,9494.13,2023-01-19 00:00:00
TX00229,ACC0012,deposit,15533,2023-06-24 00:00:00
TX00230,ACC0012,withdrawal,10735.67,2023-04-23 00:00:00
TX00231,ACC0012,withdrawal,11236.84,2023-11-15 00:00:00
TX00232,ACC0012,deposit,6753.82,2023-02-24 00:00:00
TX00233,ACC0012,payment,7528.86,2023-06-11 00:00:00
TX00234,ACC0012,withdrawal,605.19,2023-10-15 00:00:00
TX00235,ACC0012,withdrawal,13212.59,2023-11-17 00:00:00
TX00236,ACC0012,withdrawal,5152.38,2023-09-12 00:00:00
TX00237,ACC0012,deposit,2171.76,2023-08-27 00:00:00
TX00238,ACC0012,withdrawal,17760.46,2023-04-02 00:00:00
TX00239,ACC0012,deposit,2078.88,2023-04-06 00:00:00
TX00240,ACC0012,payment,12103.63,2023-10-29 00:00:00
TX00241,ACC0013,payment,18893.75,2023-07-01 00:00:00
TX00242,ACC0013,deposit,5933.64,2023-01-07 00:00:00
TX00243,ACC0013,withdrawal,14744.5,2023-03-26 00:00:00
TX00244,ACC0013,deposit,3710.57,2023-02-05 00:00:00
TX00245,ACC0013,withdrawal,14108.53,2023-10-30 00:00:00
TX00246,ACC0013,withdrawal,6783.73,2023-07-14 00:00:00
TX00247,ACC0013,withdrawal,5434.47,2023-09-18 00:00:00
TX00248,ACC0013,deposit,15499.31,2023-08-14 00:00:00
TX00249,ACC0013,transfer,4468.26,2023-12-08 00:00:00
TX00250,ACC0013,withdrawal,2373.33,2023-06-07 00:00:00
TX00251,ACC0013,withdrawal,17901.59,2023-05-08 00:00:00
TX00252,ACC0013,deposit,9747.09,2023-07-28 00:00:00
TX00253,ACC0013,deposit,10878.52,2023-08-25 00:00:00
TX00254,ACC0013,withdrawal,4438.66,2023-10-05 00:00:00
TX00255,ACC0013,transfer,19689.6,2023-01-29 00:00:00
TX00256,ACC0013,deposit,5518.92,2023-03-16 00:00:00
TX00257,ACC0013,transfer,10640.27,2023-02-11 00:00:00
TX00258,ACC0013,withdrawal,5553.7,2023-01-17 00:00:00
TX00259,ACC0013,withdrawal,9999.55,2023-03-17 00:00:00
TX00260,ACC0013,deposit,318.82,2023-01-27 00:00:00
TX00261,ACC0014,withdrawal,5089.54,2023-08-25 00:00:00
TX00262,ACC0014,withdrawal,3589.89,2023-06-22 00:00:00
TX00263,ACC0014,transfer,8147.19,2023-07-09 00:00:00
TX00264,ACC0014,withdrawal,1034.62,2023-11-06 00:00:00
TX00265,ACC0014,withdrawal,1747.69,2023-10-19 00:00:00
TX00266,ACC0014,withdrawal,1458.17,2023-09-24 00:00:00
TX00267,ACC0014,deposit,7177.89,2023-04-23 00:00:00
TX00268,ACC0014,withdrawal,12247.05,2023-11-06 00:00:00
TX00269,ACC0014,withdrawal,13307.06,2023-09-03 00:00:00
TX00270,ACC0014,deposit,9726.72,2023-09-07 00:00:00
TX00271,ACC0014,deposit,5319.05,2023-08-15 00:00:00
TX00272,ACC0014,transfer,16943.52,2023-12-31 00:00:00
TX00273,ACC0014,deposit,12504.32,2023-03-14 00:00:00
TX00274,ACC0014,deposit,14590.96,2023-08-05 00:00:00
TX00275,ACC0014,withdrawal,12005.89,2023-01-25 00:00:00
TX00276,ACC0015,deposit,1647.53,2023-04-18 00:00:00
TX00277,ACC0015,withdrawal,5515.69,2023-12-20 00:00:00
TX00278,ACC0015,deposit,6360.47,2023-11-01 00:00:00
TX00279,ACC0015,deposit,19009.72,2023-11-07 00:00:00
TX00280,ACC0015,withdrawal,1825.43,2023-03-21 00:00:00
TX00281,ACC0015,transfer,14671.28,2023-05-29 00:00:00
TX00282,ACC0015,withdrawal,14509.66,2023-07-17 00:00:00
TX00283,ACC0015,payment,18076.94,2023-09-25 00:00:00
TX00284,ACC0015,deposit,19754.59,2023-12-31 00:00:00
TX00285,ACC0015,withdrawal,978.89,2023-01-16 00:00:00
TX00286,ACC0015,payment,3693.45,2023-03-27 00:00:00
TX00287,ACC0015,payment,775.52,2023-04-27 00:00:00
TX00288,ACC0015,withdrawal,3932.72,2023-11-24 00:00:00
TX00289,ACC0015,payment,18890.9,2023-03-23 00:00:00
TX00290,ACC0015,withdrawal,1192.16,2023-04-13 00:00:00
TX00291,ACC0015,deposit,11965.77,2023-04-18 00:00:00
TX00292,ACC0016,deposit,13956.15,2023-07-02 00:00:00
TX00293,ACC0016,withdrawal,11491.31,2023-01-04 00:00:00
TX00294,ACC0016,withdrawal,6443.17,2023-07-29 00:00:00
TX00295,ACC0016,withdrawal,8593.66,2023-04-18 00:00:00
TX00296,ACC0016,deposit,585.58,2023-06-19 00:00:00
TX00297,ACC0016,payment,104.73,2023-09-26 00:00:00
TX00298,ACC0016,withdrawal,18787.45,2023-08-15 00:00:00
TX00299,ACC0016,deposit,288.76,2023-01-29 00:00:00
TX00300,ACC0016,withdrawal,8098.43,2023-09-02 00:00:00
TX00301,ACC0016,withdrawal,11657.07,2023-08-24 00:00:00
TX00302,ACC0016,payment,15388.64,2023-12-25 00:00:00
TX00303,ACC0016,withdrawal,14672.21,2023-06-26 00:00:00
TX00304,ACC0016,deposit,7156.98,2023-06-07 00:00:00
TX00305,ACC0016,transfer,14339.51,2023-10-20 00:00:00
TX00306,ACC0016,deposit,455.69,2023-03-14 00:00:00
TX00307,ACC0016,deposit,7893.44,2023-05-20 00:00:00
TX00308,ACC0016,payment,15979.99,2023-07-17 00:00:00
TX00309,ACC0016,payment,17695.56,2023-12-10 00:00:00
TX00310,ACC0016,withdrawal,12306.89,2023-06-02 00:00:00
TX00311,ACC0016,withdrawal,1393.23,2023-03-13 00:00:00
TX00312,ACC0016,payment,13027.97,2023-08-31 00:00:00
TX00313,ACC0016,withdrawal,4690.33,2023-08-14 00:00:00
TX00314,ACC0017,deposit,15613.73,2023-09-19 00:00:00
TX00315,ACC0017,transfer,12632.58,2023-08-03 00:00:00
TX00316,ACC0017,transfer,18562.27,2023-08-29 00:00:00
TX00317,ACC0017,deposit,7985.22,2023-06-27 00:00:00
TX00318,ACC0017,withdrawal,19927.08,2023-01-03 00:00:00
TX00319,ACC0017,transfer,4566.37,2023-04-30 00:00:00
TX00320,ACC0017,withdrawal,793.82,2023-03-09 00:00:00
TX00321,ACC0017,withdrawal,1920.59,2023-04-15 00:00:00
TX00322,ACC0017,deposit,5531.89,2023-01-29 00:00:00
TX00323,ACC0017,transfer,19117.46,2023-11-28 00:00:00
TX00324,ACC0017,deposit,6648.12,2023-01-25 00:00:00
TX00325,ACC0017,withdrawal,1831.04,2023-05-04 00:00:00
TX00326,ACC0017,deposit,5269.1,2023-06-25 00:00:00
TX00327,ACC0017,withdrawal,1712.82,2023-11-12 00:00:00
TX00328,ACC0017,deposit,17900.15,2023-03-22 00:00:00
TX00329,ACC0017,deposit,17669.83,2023-11-14 00:00:00
TX00330,ACC0017,withdrawal,16511.15,2023-02-25 00:00:00
TX00331,ACC0017,withdrawal,10921.2,2023-08-25 00:00:00
TX00332,ACC0018,transfer,15968.78,2023-06-17 00:00:00
TX00333,ACC0018,deposit,3231.08,2023-10-31 00:00:00
TX00334,ACC0018,withdrawal,16756.57,2023-12-11 00:00:00
TX00335,ACC0018,payment,2206.1,2023-06-04 00:00:00
TX00336,ACC0018,withdrawal,3256.24,2023-08-23 00:00:00
TX00337,ACC0018,payment,9362.85,2023-01-31 00:00:00
TX00338,ACC0018,transfer,2664.51,2023-12-29 00:00:00
TX00339,ACC0018,deposit,18183.16,2023-03-23 00:00:00
TX00340,ACC0018,transfer,16659.47,2023-01-12 00:00:00
TX00341,ACC0018,deposit,5812.06,2023-02-15 00:00:00
TX00342,ACC0019,withdrawal,2405.29,2023-12-20 00:00:00
TX00343,ACC0019,withdrawal,10845.71,2023-06-12 00:00:00
TX00344,ACC0019,deposit,5738.52,2023-03-15 00:00:00
TX00345,ACC0019,withdrawal,16818.42,2023-03-01 00:00:00
TX00346,ACC0019,deposit,15098.61,2023-10-05 00:00:00
TX00347,ACC0019,payment,13788.93,2023-08-30 00:00:00
TX00348,ACC0019,payment,3410.91,2023-01-12 00:00:00
TX00349,ACC0019,deposit,11685.19,2023-07-12 00:00:00
TX00350,ACC0019,deposit,1586.42,2023-07-29 00:00:00
TX00351,ACC0019,transfer,19472.43,2023-10-12 00:00:00
TX00352,ACC0019,withdrawal,12986.72,2023-01-07 00:00:00
TX00353,ACC0019,deposit,16448.11,2023-03-20 00:00:00
TX00354,ACC0019,transfer,5124.92,2023-01-26 00:00:00
TX00355,ACC0019,deposit,9423.93,2023-01-04 00:00:00
TX00356,ACC0019,withdrawal,9082.6,2023-02-08 00:00:00
TX00357,ACC0019,withdrawal,16535.82,2023-03-16 00:00:00
TX00358,ACC0019,deposit,1739.38,2023-03-25 00:00:00
TX00359,ACC0019,withdrawal,5537.86,2023-12-03 00:00:00
TX00360,ACC0019,payment,722.92,2023-01-21 00:00:00
TX00361,ACC0019,payment,17161.47,2023-03-25 00:00:00
TX00362,ACC0019,deposit,5556.88,2023-09-14 00:00:00
TX00363,ACC0019,deposit,14516.01,2023-06-11 00:00:00
TX00364,ACC0019,deposit,719.57,2023-10-08 00:00:00
TX00365,ACC0019,withdrawal,11298.73,2023-07-27 00:00:00
TX00366,ACC0019,withdrawal,3268.99,2023-05-25 00:00:00
TX00367,ACC0019,deposit,3157.79,2023-01-27 00:00:00
TX00368,ACC0020,withdrawal,455.45,2023-12-15 00:00:00
TX00369,ACC0020,deposit,747.27,2023-11-12 00:00:00
TX00370,ACC0020,payment,3790.63,2023-01-15 00:00:00
TX00371,ACC0020,withdrawal,2434.43,2023-09-30 00:00:00
TX00372,ACC0020,withdrawal,5026.05,2023-01-09 00:00:00
TX00373,ACC0020,deposit,9882.73,2023-11-15 00:00:00
TX00374,ACC0020,withdrawal,6585.92,2023-12-10 00:00:00
TX00375,ACC0020,withdrawal,19688.59,2023-07-28 00:00:00
TX00376,ACC0020,deposit,1541.69,2023-11-16 00:00:00
TX00377,ACC0020,deposit,19496.53,2023-06-15 00:00:00
TX00378,ACC0020,deposit,13930.14,2023-10-16 00:00:00
TX00379,ACC0020,payment,18165.59,2023-09-24 00:00:00
TX00380,ACC0020,withdrawal,2188.11,2023-03-17 00:00:00
TX00381,ACC0020,payment,2935.66,2023-03-21 00:00:00
TX00382,ACC0020,withdrawal,4285.96,2023-06-10 00:00:00
TX00383,ACC0020,withdrawal,294.44,2023-12-19 00:00:00
TX00384,ACC0020,withdrawal,1848.54,2023-03-18 00:00:00
TX00385,ACC0020,deposit,7998.77,2023-07-13 00:00:00
TX00386,ACC0020,payment,4097.1,2023-05-02 00:00:00
TX00387,ACC0020,transfer,4082.99,2023-11-01 00:00:00
TX00388,ACC0020,payment,2571.98,2023-05-03 00:00:00
TX00389,ACC0020,deposit,18730.62,2023-12-25 00:00:00
TX00390,ACC0020,withdrawal,6046.83,2023-07-23 00:00:00
TX00391,ACC0021,payment,12543.56,2023-03-25 00:00:00
TX00392,ACC0021,deposit,16315.02,2023-01-07 00:00:00
TX00393,ACC0021,withdrawal,11104.73,2023-11-10 00:00:00
TX00394,ACC0021,withdrawal,9669.99,2023-05-07 00:00:00
TX00395,ACC0021,withdrawal,14658.63,2023-01-12 00:00:00
TX00396,ACC0021,deposit,3274.94,2023-10-28 00:00:00
TX00397,ACC0021,withdrawal,6647.45,2023-08-26 00:00:00
TX00398,ACC0021,deposit,3724.15,2023-04-29 00:00:00
TX00399,ACC0021,withdrawal,968.87,2023-10-27 00:00:00
TX00400,ACC0021,withdrawal,14412.12,2023-05-30 00:00:00
TX00401,ACC0021,deposit,10895.32,2023-02-28 00:00:00
TX00402,ACC0021,withdrawal,4070.89,2023-02-04 00:00:00
TX00403,ACC0021,deposit,8426.16,2023-07-26 00:00:00
TX00404,ACC0021,deposit,9306.2,2023-12-16 00:00:00
TX00405,ACC0021,payment,8376.56,2023-01-24 00:00:00
TX00406,ACC0021,withdrawal,6984.11,2023-12-30 00:00:00
TX00407,ACC0021,withdrawal,10146.41,2023-02-19 00:00:00
TX00408,ACC0022,withdrawal,11802.36,2023-09-07 00:00:00
TX00409,ACC0022,withdrawal,9784.71,2023-03-07 00:00:00
TX00410,ACC0022,withdrawal,15879.83,2023-10-22 00:00:00
TX00411,ACC0022,deposit,11887.77,2023-09-03 00:00:00
TX00412,ACC0022,deposit,7738.56,2023-01-18 00:00:00
TX00413,ACC0022,withdrawal,14688.95,2023-12-21 00:00:00
TX00414,ACC0022,withdrawal,8165.67,2023-03-28 00:00:00
TX00415,ACC0022,withdrawal,7519.69,2023-01-02 00:00:00
TX00416,ACC0022,deposit,17102.26,2023-02-10 00:00:00
TX00417,ACC0022,deposit,17427.92,2023-04-21 00:00:00
TX00418,ACC0022,withdrawal,11630.36,2023-03-25 00:00:00
TX00419,ACC0022,withdrawal,3354.13,2023-12-11 00:00:00
TX00420,ACC0022,payment,5236.86,2023-08-17 00:00:00
TX00421,ACC0022,deposit,11809.41,2023-06-13 00:00:00
TX00422,ACC0022,payment,9130.41,2023-01-10 00:00:00
TX00423,ACC0022,deposit,3478.18,2023-04-03 00:00:00
TX00424,ACC0022,deposit,16594.78,2023-09-14 00:00:00
TX00425,ACC0022,withdrawal,11798.9,2023-01-01 00:00:00
TX00426,ACC0022,deposit,7249.09,2023-10-11 00:00:00
TX00427,ACC0022,deposit,14754.4,2023-07-23 00:00:00
TX00428,ACC0022,withdrawal,16898.99,2023-02-13 00:00:00
TX00429,ACC0022,withdrawal,17297.9,2023-04-18 00:00:00
TX00430,ACC0022,withdrawal,780.34,2023-11-30 00:00:00
TX00431,ACC0022,deposit,10670.27,2023-01-20 00:00:00
TX00432,ACC0022,deposit,12836.06,2023-02-04 00:00:00
TX00433,ACC0022,withdrawal,18684.11,2023-11-21 00:00:00
TX00434,ACC0023,withdrawal,927.3,2023-10-03 00:00:00
TX00435,ACC0023,payment,19305.86,2023-10-26 00:00:00
TX00436,ACC0023,deposit,6530.3,2023-10-12 00:00:00
TX00437,ACC0023,transfer,9149.32,2023-06-27 00:00:00
TX00438,ACC0023,deposit,10691.68,2023-05-31 00:00:00
TX00439,ACC0023,deposit,6227.81,2023-12-02 00:00:00
TX00440,ACC0023,payment,14684.69,2023-01-08 00:00:00
TX00441,ACC0023,payment,1968.62,2023-09-21 00:00:00
TX00442,ACC0023,deposit,4767.77,2023-03-27 00:00:00
TX00443,ACC0023,deposit,13266.48,2023-04-29 00:00:00
TX00444,ACC0024,withdrawal,9993.78,2023-05-25 00:00:00
TX00445,ACC0024,transfer,17305.72,2023-03-17 00:00:00
TX00446,ACC0024,deposit,15930.66,2023-10-16 00:00:00
TX00447,ACC0024,withdrawal,18823.42,2023-05-22 00:00:00
TX00448,ACC0024,deposit,13059.54,2023-03-31 00:00:00
TX00449,ACC0024,deposit,3269.82,2023-07-11 00:00:00
TX00450,ACC0024,deposit,19545.77,2023-06-18 00:00:00
TX00451,ACC0024,payment,15073.31,2023-09-02 00:00:00
TX00452,ACC0024,withdrawal,14795.14,2023-11-20 00:00:00
TX00453,ACC0024,withdrawal,15327.3,2023-05-12 00:00:00
TX00454,ACC0024,withdrawal,16176.13,2023-03-23 00:00:00
TX00455,ACC0024,transfer,6412.19,2023-12-31 00:00:00
TX00456,ACC0024,transfer,2492.16,2023-11-06 00:00:00
TX00457,ACC0024,withdrawal,6634.79,2023-03-06 00:00:00
TX00458,ACC0024,deposit,7983.84,2023-11-12 00:00:00
TX00459,ACC0024,withdrawal,11970.06,2023-08-12 00:00:00
TX00460,ACC0024,deposit,4622.67,2023-09-24 00:00:00
TX00461,ACC0024,withdrawal,13397.43,2023-11-26 00:00:00
TX00462,ACC0024,withdrawal,10058.86,2023-03-26 00:00:00
TX00463,ACC0024,transfer,10429.73,2023-04-27 00:00:00
TX00464,ACC0025,deposit,10579.81,2023-10-27 00:00:00
TX00465,ACC0025,withdrawal,7947.87,2023-12-09 00:00:00
TX00466,ACC0025,transfer,14390.65,2023-01-21 00:00:00
TX00467,ACC0025,deposit,250.5,2023-10-30 00:00:00
TX00468,ACC0025,deposit,19097.73,2023-10-19 00:00:00
TX00469,ACC0025,payment,1299.32,2023-10-04 00:00:00
TX00470,ACC0025,withdrawal,3971.71,2023-11-30 00:00:00
TX00471,ACC0025,withdrawal,5209.85,2023-02-21 00:00:00
TX00472,ACC0025,withdrawal,18599.16,2023-06-05 00:00:00
TX00473,ACC0025,withdrawal,6295.02,2023-06-07 00:00:00
TX00474,ACC0025,withdrawal,5525.22,2023-05-12 00:00:00
TX00475,ACC0025,transfer,10497.37,2023-09-20 00:00:00
TX00476,ACC0025,withdrawal,3710.62,2023-06-08 00:00:00
TX00477,ACC0025,withdrawal,2226.85,2023-10-25 00:00:00
TX00478,ACC0025,payment,8548.1,2023-09-20 00:00:00
TX00479,ACC0025,transfer,7532.84,2023-06-22 00:00:00
TX00480,ACC0025,withdrawal,19032.93,2023-04-28 00:00:00
TX00481,ACC0025,withdrawal,11911.42,2023-01-26 00:00:00
TX00482,ACC0025,deposit,12258.52,2023-05-01 00:00:00
TX00483,ACC0025,transfer,18010.46,2023-07-27 00:00:00
TX00484,ACC0025,withdrawal,5187.34,2023-03-09 00:00:00
TX00485,ACC0026,withdrawal,17038.37,2023-06-16 00:00:00
TX00486,ACC0026,withdrawal,2001.15,2023-06-13 00:00:00
TX00487,ACC0026,deposit,8536.5,2023-03-10 00:00:00
TX00488,ACC0026,deposit,14763.79,2023-08-14 00:00:00
TX00489,ACC0026,withdrawal,10753.63,2023-05-30 00:00:00
TX00490,ACC0026,deposit,12875.23,2023-06-09 00:00:00
TX00491,ACC0026,withdrawal,5211.99,2023-03-18 00:00:00
TX00492,ACC0026,withdrawal,9985.66,2023-09-15 00:00:00
TX00493,ACC0026,deposit,11981.23,2023-05-26 00:00:00
TX00494,ACC0026,withdrawal,8621.17,2023-06-16 00:00:00
TX00495,ACC0026,withdrawal,414.84,2023-10-07 00:00:00
TX00496,ACC0026,deposit,2171.78,2023-08-06 00:00:00
TX00497,ACC0026,deposit,18119.94,2023-04-19 00:00:00
TX00498,ACC0026,deposit,1804.6,2023-12-19 00:00:00
TX00499,ACC0026,withdrawal,8083.64,2023-12-19 00:00:00
TX00500,ACC0026,deposit,7164.43,2023-07-15 00:00:00
TX00501,ACC0026,withdrawal,16654.08,2023-01-05 00:00:00
TX00502,ACC0026,deposit,12839.35,2023-09-21 00:00:00
TX00503,ACC0026,transfer,13052.46,2023-10-27 00:00:00
TX00504,ACC0026,deposit,6726.74,2023-11-22 00:00:00
TX00505,ACC0026,deposit,7631.68,2023-04-12 00:00:00
TX00506,ACC0026,withdrawal,14639.95,2023-10-13 00:00:00
TX00507,ACC0026,deposit,11651.45,2023-02-05 00:00:00
TX00508,ACC0026,payment,12735.7,2023-10-30 00:00:00
TX00509,ACC0026,deposit,10762.97,2023-06-07 00:00:00
TX00510,ACC0026,withdrawal,15147.65,2023-05-25 00:00:00
TX00511,ACC0026,deposit,19626.6,2023-01-03 00:00:00
TX00512,ACC0027,deposit,2484.6,2023-04-25 00:00:00
TX00513,ACC0027,deposit,19850.42,2023-12-26 00:00:00
TX00514,ACC0027,withdrawal,4948.77,2023-10-13 00:00:00
TX00515,ACC0027,withdrawal,12509.36,2023-08-19 00:00:00
TX00516,ACC0027,transfer,12208.88,2023-02-07 00:00:00
TX00517,ACC0027,deposit,1355.87,2023-10-19 00:00:00
TX00518,ACC0027,deposit,5335.94,2023-03-07 00:00:00
TX00519,ACC0027,deposit,6991.8,2023-09-06 00:00:00
TX00520,ACC0027,withdrawal,6179.93,2023-06-29 00:00:00
TX00521,ACC0027,deposit,18853.5,2023-11-07 00:00:00
TX00522,ACC0027,deposit,15746.89,2023-05-23 00:00:00
TX00523,ACC0027,payment,17043.36,2023-01-12 00:00:00
TX00524,ACC0027,payment,2415.69,2023-03-23 00:00:00
TX00525,ACC0027,withdrawal,13518.65,2023-06-07 00:00:00
TX00526,ACC0027,withdrawal,2911.43,2023-01-07 00:00:00
TX00527,ACC0027,deposit,1710.29,2023-06-12 00:00:00
TX00528,ACC0027,deposit,13929.53,2023-07-25 00:00:00
TX00529,ACC0027,payment,12855.34,2023-01-25 00:00:00
TX00530,ACC0027,withdrawal,9639.15,2023-10-16 00:00:00
TX00531,ACC0027,payment,9792.53,2023-04-20 00:00:00
TX00532,ACC0027,transfer,16603.71,2023-01-25 00:00:00
TX00533,ACC0027,withdrawal,2523.06,2023-01-25 00:00:00
TX00534,ACC0027,deposit,1691.31,2023-01-12 00:00:00
TX00535,ACC0027,payment,8706.71,2023-05-21 00:00:00
TX00536,ACC0027,payment,17534.49,2023-11-12 00:00:00
TX00537,ACC0028,deposit,451.99,2023-05-10 00:00:00
TX00538,ACC0028,withdrawal,3125.29,2023-01-05 00:00:00
TX00539,ACC0028,withdrawal,9250.03,2023-05-10 00:00:00
TX00540,ACC0028,withdrawal,15109.65,2023-02-25 00:00:00
TX00541,ACC0028,deposit,8663.71,2023-04-09 00:00:00
TX00542,ACC0028,deposit,15675.65,2023-09-20 00:00:00
TX00543,ACC0028,withdrawal,1339.61,2023-09-17 00:00:00
TX00544,ACC0028,withdrawal,4655,2023-04-11 00:00:00
TX00545,ACC0028,withdrawal,6194.45,2023-11-04 00:00:00
TX00546,ACC0028,withdrawal,16975.52,2023-06-27 00:00:00
TX00547,ACC0028,deposit,17743.42,2023-03-03 00:00:00
TX00548,ACC0028,withdrawal,7149.3,2023-06-04 00:00:00
TX00549,ACC0028,withdrawal,16568,2023-08-17 00:00:00
TX00550,ACC0028,deposit,19280.06,2023-07-02 00:00:00
TX00551,ACC0028,withdrawal,9678.75,2023-09-03 00:00:00
TX00552,ACC0029,deposit,15229.77,2023-11-10 00:00:00
TX00553,ACC0029,deposit,12417.07,2023-01-13 00:00:00
TX00554,ACC0029,deposit,4899.91,2023-08-01 00:00:00
TX00555,ACC0029,deposit,1385.87,2023-06-09 00:00:00
TX00556,ACC0029,withdrawal,2283.75,2023-07-07 00:00:00
TX00557,ACC0029,withdrawal,10036.74,2023-09-13 00:00:00
TX00558,ACC0029,deposit,9816,2023-07-15 00:00:00
TX00559,ACC0029,transfer,4945.21,2023-03-23 00:00:00
TX00560,ACC0029,withdrawal,7580.18,2023-02-11 00:00:00
TX00561,ACC0029,withdrawal,17852.49,2023-04-15 00:00:00
TX00562,ACC0029,deposit,13207.97,2023-05-09 00:00:00
TX00563,ACC0029,transfer,1620.7,2023-04-07 00:00:00
TX00564,ACC0029,transfer,864.68,2023-08-20 00:00:00
TX00565,ACC0029,withdrawal,12780.31,2023-10-17 00:00:00
TX00566,ACC0029,deposit,9057.48,2023-03-20 00:00:00
TX00567,ACC0030,deposit,10416.32,2023-03-10 00:00:00
TX00568,ACC0030,withdrawal,10293.22,2023-04-11 00:00:00
TX00569,ACC0030,deposit,856.63,2023-03-28 00:00:00
TX00570,ACC0030,withdrawal,1534.48,2023-06-01 00:00:00
TX00571,ACC0030,deposit,10220.73,2023-08-20 00:00:00
TX00572,ACC0030,deposit,6001.06,2023-05-19 00:00:00
TX00573,ACC0030,payment,18852.08,2023-01-28 00:00:00
TX00574,ACC0030,deposit,8301.41,2023-09-18 00:00:00
TX00575,ACC0030,withdrawal,15311.02,2023-11-16 00:00:00
TX00576,ACC0030,withdrawal,1744.09,2023-08-08 00:00:00
TX00577,ACC0030,transfer,15671.45,2023-12-26 00:00:00
TX00578,ACC0030,withdrawal,7700.6,2023-02-18 00:00:00
TX00579,ACC0030,deposit,5288.19,2023-04-15 00:00:00
TX00580,ACC0030,withdrawal,10653.01,2023-07-09 00:00:00
TX00581,ACC0030,transfer,6512.09,2023-06-13 00:00:00
TX00582,ACC0030,deposit,19601.41,2023-09-26 00:00:00
TX00583,ACC0030,withdrawal,14986.66,2023-10-15 00:00:00
TX00584,ACC0030,withdrawal,3217.1,2023-01-10 00:00:00
TX00585,ACC0030,deposit,18568.86,2023-07-02 00:00:00
TX00586,ACC0030,deposit,7582.26,2023-11-30 00:00:00
TX00587,ACC0030,withdrawal,12297.5,2023-10-05 00:00:00
TX00588,ACC0030,deposit,18573.52,2023-06-21 00:00:00
TX00589,ACC0030,deposit,17749.81,2023-05-02 00:00:00
TX00590,ACC0030,transfer,17241.26,2023-09-25 00:00:00
TX00591,ACC0030,payment,5119.6,2023-05-29 00:00:00
TX00592,ACC0030,payment,14989.02,2023-08-26 00:00:00
TX00593,ACC0031,deposit,1171.78,2023-09-13 00:00:00
TX00594,ACC0031,withdrawal,19694.93,2023-01-22 00:00:00
TX00595,ACC0031,withdrawal,14586.15,2023-09-15 00:00:00
TX00596,ACC0031,deposit,14547,2023-10-10 00:00:00
TX00597,ACC0031,payment,9819.04,2023-03-29 00:00:00
TX00598,ACC0031,deposit,8326.99,2023-07-08 00:00:00
TX00599,ACC0031,withdrawal,12277.62,2023-04-28 00:00:00
TX00600,ACC0031,withdrawal,13808.82,2023-10-22 00:00:00
TX00601,ACC0031,withdrawal,17555.05,2023-08-17 00:00:00
TX00602,ACC0031,deposit,9284.99,2023-05-24 00:00:00
TX00603,ACC0031,transfer,14860.07,2023-01-03 00:00:00
TX00604,ACC0031,payment,2073.64,2023-08-12 00:00:00
TX00605,ACC0031,transfer,13185.45,2023-01-10 00:00:00
TX00606,ACC0031,withdrawal,16320.86,2023-08-07 00:00:00
TX00607,ACC0031,deposit,7172.15,2023-01-13 00:00:00
TX00608,ACC0031,withdrawal,10530.77,2023-08-22 00:00:00
TX00609,ACC0032,withdrawal,4129.36,2023-01-20 00:00:00
TX00610,ACC0032,deposit,3062.87,2023-03-11 00:00:00
TX00611,ACC0032,transfer,19927.05,2023-05-12 00:00:00
TX00612,ACC0032,deposit,12902.97,2023-01-24 00:00:00
TX00613,ACC0032,deposit,2842.68,2023-08-18 00:00:00
TX00614,ACC0032,withdrawal,13942.8,2023-07-21 00:00:00
TX00615,ACC0032,withdrawal,7174.31,2023-02-26 00:00:00
TX00616,ACC0032,deposit,8106.31,2023-03-12 00:00:00
TX00617,ACC0032,withdrawal,12882.28,2023-08-04 00:00:00
TX00618,ACC0032,deposit,4586.23,2023-09-11 00:00:00
TX00619,ACC0032,withdrawal,12027.44,2023-06-08 00:00:00
TX00620,ACC0032,deposit,6509.95,2023-11-15 00:00:00
TX00621,ACC0032,deposit,1265.16,2023-04-19 00:00:00
TX00622,ACC0032,withdrawal,19641.19,2023-04-27 00:00:00
TX00623,ACC0032,withdrawal,10393.65,2023-06-22 00:00:00
TX00624,ACC0032,deposit,6631.04,2023-07-02 00:00:00
TX00625,ACC0032,deposit,7491.3,2023-04-23 00:00:00
TX00626,ACC0032,withdrawal,14739.7,2023-11-09 00:00:00
TX00627,ACC0032,payment,12887.05,2023-07-17 00:00:00
TX00628,ACC0032,withdrawal,15734.47,2023-07-17 00:00:00
TX00629,ACC0032,payment,14969.67,2023-12-25 00:00:00
TX00630,ACC0033,payment,4138.43,2023-03-02 00:00:00
TX00631,ACC0033,payment,3389.35,2023-04-17 00:00:00
TX00632,ACC0033,deposit,16650.77,2023-07-17 00:00:00
TX00633,ACC0033,withdrawal,6044.64,2023-09-02 00:00:00
TX00634,ACC0033,deposit,17069.29,2023-03-10 00:00:00
TX00635,ACC0033,transfer,3803.42,2023-02-18 00:00:00
TX00636,ACC0033,withdrawal,18753.33,2023-12-22 00:00:00
TX00637,ACC0033,deposit,1703.97,2023-08-19 00:00:00
TX00638,ACC0033,payment,18196.86,2023-10-07 00:00:00
TX00639,ACC0033,withdrawal,15333.71,2023-07-01 00:00:00
TX00640,ACC0033,deposit,2713.85,2023-02-26 00:00:00
TX00641,ACC0033,withdrawal,13173.41,2023-02-05 00:00:00
TX00642,ACC0033,deposit,5726.64,2023-04-16 00:00:00
TX00643,ACC0033,deposit,5307.94,2023-06-12 00:00:00
TX00644,ACC0033,deposit,15763.82,2023-12-02 00:00:00
TX00645,ACC0033,deposit,8634.85,2023-08-05 00:00:00
TX00646,ACC0033,withdrawal,1400.79,2023-10-28 00:00:00
TX00647,ACC0033,transfer,1025.36,2023-12-04 00:00:00
TX00648,ACC0034,deposit,10695.17,2023-01-07 00:00:00
TX00649,ACC0034,deposit,4812.01,2023-06-09 00:00:00
TX00650,ACC0034,withdrawal,19271.55,2023-05-23 00:00:00
TX00651,ACC0034,transfer,7929.61,2023-06-03 00:00:00
TX00652,ACC0034,withdrawal,5277.14,2023-11-09 00:00:00
TX00653,ACC0034,withdrawal,19593.06,2023-03-10 00:00:00
TX00654,ACC0034,withdrawal,4042.14,2023-11-01 00:00:00
TX00655,ACC0034,withdrawal,19442.91,2023-06-10 00:00:00
TX00656,ACC0034,deposit,4583.81,2023-11-23 00:00:00
TX00657,ACC0034,withdrawal,10947.6,2023-06-01 00:00:00
TX00658,ACC0034,deposit,17216.78,2023-02-12 00:00:00
TX00659,ACC0034,deposit,14185.92,2023-01-17 00:00:00
TX00660,ACC0034,withdrawal,4600.33,2023-04-08 00:00:00
TX00661,ACC0034,withdrawal,3398.91,2023-01-02 00:00:00
TX00662,ACC0034,withdrawal,4400.2,2023-11-26 00:00:00
TX00663,ACC0034,withdrawal,8294.13,2023-05-05 00:00:00
TX00664,ACC0034,withdrawal,5882.69,2023-10-21 00:00:00
TX00665,ACC0034,transfer,9238.87,2023-07-11 00:00:00
TX00666,ACC0034,withdrawal,9995.39,2023-02-01 00:00:00
TX00667,ACC0034,deposit,3377.66,2023-03-09 00:00:00
TX00668,ACC0035,withdrawal,457.12,2023-08-20 00:00:00
TX00669,ACC0035,transfer,17603.68,2023-04-02 00:00:00
TX00670,ACC0035,deposit,18938.1,2023-06-17 00:00:00
TX00671,ACC0035,payment,15463.05,2023-03-07 00:00:00
TX00672,ACC0035,deposit,9332.23,2023-02-13 00:00:00
TX00673,ACC0035,withdrawal,10006.47,2023-09-19 00:00:00
TX00674,ACC0035,deposit,9088.77,2023-06-27 00:00:00
TX00675,ACC0035,deposit,8877.34,2023-09-24 00:00:00
TX00676,ACC0035,deposit,10514.26,2023-10-24 00:00:00
TX00677,ACC0035,withdrawal,12728.19,2023-02-24 00:00:00
TX00678,ACC0035,withdrawal,3997.23,2023-08-26 00:00:00
TX00679,ACC0035,withdrawal,3243.3,2023-09-25 00:00:00
TX00680,ACC0035,deposit,12308.12,2023-12-31 00:00:00
TX00681,ACC0035,payment,5610.4,2023-02-09 00:00:00
TX00682,ACC0035,withdrawal,12002.44,2023-01-08 00:00:00
TX00683,ACC0035,transfer,13120.42,2023-04-17 00:00:00
TX00684,ACC0035,deposit,15992.01,2023-09-03 00:00:00
TX00685,ACC0035,transfer,2441.12,2023-10-29 00:00:00
TX00686,ACC0035,deposit,19769.48,2023-04-19 00:00:00
TX00687,ACC0035,payment,13391.61,2023-09-26 00:00:00
TX00688,ACC0035,deposit,19941.86,2023-08-11 00:00:00
TX00689,ACC0035,withdrawal,2683.55,2023-11-21 00:00:00
TX00690,ACC0035,withdrawal,10595.25,2023-10-08 00:00:00
TX00691,ACC0036,transfer,1680.19,2023-05-13 00:00:00
TX00692,ACC0036,payment,6803.13,2023-09-22 00:00:00
TX00693,ACC0036,transfer,10861.8,2023-07-30 00:00:00
TX00694,ACC0036,withdrawal,19762.5,2023-12-30 00:00:00
TX00695,ACC0036,withdrawal,7220.19,2023-08-14 00:00:00
TX00696,ACC0036,transfer,17608.46,2023-10-13 00:00:00
TX00697,ACC0036,deposit,14269.08,2023-09-05 00:00:00
TX00698,ACC0036,deposit,14409.64,2023-06-12 00:00:00
TX00699,ACC0036,deposit,7024.03,2023-12-04 00:00:00
TX00700,ACC0036,withdrawal,13057.84,2023-06-25 00:00:00
TX00701,ACC0036,withdrawal,14787.58,2023-04-18 00:00:00
TX00702,ACC0036,withdrawal,19584.19,2023-10-16 00:00:00
TX00703,ACC0036,deposit,13555.93,2023-03-07 00:00:00
TX00704,ACC0036,deposit,175.96,2023-02-16 00:00:00
TX00705,ACC0036,deposit,17129.17,2023-05-04 00:00:00
TX00706,ACC0036,payment,1546.15,2023-05-08 00:00:00
TX00707,ACC0036,withdrawal,13913.6,2023-10-30 00:00:00
TX00708,ACC0036,deposit,4331.62,2023-08-15 00:00:00
TX00709,ACC0036,withdrawal,8225.3,2023-05-22 00:00:00
TX00710,ACC0036,payment,4731.99,2023-12-21 00:00:00
TX00711,ACC0036,deposit,17987.06,2023-04-25 00:00:00
TX00712,ACC0036,payment,13447.57,2023-04-01 00:00:00
TX00713,ACC0036,deposit,7652.11,2023-05-22 00:00:00
TX00714,ACC0036,transfer,10978.3,2023-02-04 00:00:00
TX00715,ACC0036,withdrawal,16066.85,2023-03-25 00:00:00
TX00716,ACC0036,deposit,8486.74,2023-09-27 00:00:00
TX00717,ACC0036,payment,5672.74,2023-03-24 00:00:00
TX00718,ACC0036,payment,16538.18,2023-10-02 00:00:00
TX00719,ACC0036,transfer,458.33,2023-11-23 00:00:00
TX00720,ACC0037,withdrawal,6164.55,2023-05-01 00:00:00
TX00721,ACC0037,deposit,17467.8,2023-04-30 00:00:00
TX00722,ACC0037,withdrawal,10859.9,2023-10-13 00:00:00
TX00723,ACC0037,deposit,11386.7,2023-11-04 00:00:00
TX00724,ACC0037,deposit,12007.31,2023-08-15 00:00:00
TX00725,ACC0037,deposit,14631.9,2023-02-10 00:00:00
TX00726,ACC0037,deposit,18067.61,2023-09-21 00:00:00
TX00727,ACC0037,transfer,6675.12,2023-03-27 00:00:00
TX00728,ACC0037,transfer,3788.07,2023-07-02 00:00:00
TX00729,ACC0037,withdrawal,16779.23,2023-06-07 00:00:00
TX00730,ACC0037,withdrawal,5428.76,2023-02-19 00:00:00
TX00731,ACC0037,withdrawal,13210.62,2023-10-31 00:00:00
TX00732,ACC0037,transfer,12019.67,2023-07-20 00:00:00
TX00733,ACC0037,payment,13417.09,2023-08-04 00:00:00
TX00734,ACC0037,payment,600.32,2023-12-09 00:00:00
TX00735,ACC0037,withdrawal,6407.24,2023-03-17 00:00:00
TX00736,ACC0037,withdrawal,2836.72,2023-05-27 00:00:00
TX00737,ACC0037,transfer,8923.26,2023-08-20 00:00:00
TX00738,ACC0037,payment,8960.4,2023-06-06 00:00:00
TX00739,ACC0037,withdrawal,13560.88,2023-12-14 00:00:00
TX00740,ACC0037,deposit,7751.78,2023-03-08 00:00:00
TX00741,ACC0037,withdrawal,19015.57,2023-06-11 00:00:00
TX00742,ACC0037,withdrawal,19678.42,2023-03-13 00:00:00
TX00743,ACC0038,deposit,5162.39,2023-03-02 00:00:00
TX00744,ACC0038,withdrawal,1008.41,2023-05-16 00:00:00
TX00745,ACC0038,deposit,9445.87,2023-04-03 00:00:00
TX00746,ACC0038,withdrawal,12488.14,2023-05-22 00:00:00
TX00747,ACC0038,withdrawal,5685.6,2023-11-08 00:00:00
TX00748,ACC0038,withdrawal,10786.45,2023-02-18 00:00:00
TX00749,ACC0038,deposit,4459.47,2023-02-12 00:00:00
TX00750,ACC0038,transfer,5769.67,2023-10-22 00:00:00
TX00751,ACC0038,transfer,11483.77,2023-11-14 00:00:00
TX00752,ACC0038,deposit,983.32,2023-08-21 00:00:00
TX00753,ACC0038,deposit,1833.15,2023-02-10 00:00:00
TX00754,ACC0038,transfer,10678.83,2023-02-28 00:00:00
TX00755,ACC0038,withdrawal,17497.03,2023-07-11 00:00:00
TX00756,ACC0038,withdrawal,19857.06,2023-11-29 00:00:00
TX00757,ACC0038,payment,3387.56,2023-06-17 00:00:00
TX00758,ACC0039,withdrawal,17656.95,2023-04-19 00:00:00
TX00759,ACC0039,withdrawal,6256.52,2023-10-28 00:00:00
TX00760,ACC0039,withdrawal,19085.26,2023-01-08 00:00:00
TX00761,ACC0039,transfer,141.87,2023-06-07 00:00:00
TX00762,ACC0039,deposit,1284.54,2023-06-24 00:00:00
TX00763,ACC0039,transfer,5208.22,2023-11-20 00:00:00
TX00764,ACC0039,deposit,9179.11,2023-03-23 00:00:00
TX00765,ACC0039,deposit,11966.8,2023-03-25 00:00:00
TX00766,ACC0039,payment,8144.37,2023-08-31 00:00:00
TX00767,ACC0039,deposit,18840.34,2023-10-12 00:00:00
TX00768,ACC0039,withdrawal,7302.21,2023-11-27 00:00:00
TX00769,ACC0039,withdrawal,10092.86,2023-02-20 00:00:00
TX00770,ACC0039,payment,12290.21,2023-01-28 00:00:00
TX00771,ACC0039,deposit,12793.75,2023-04-27 00:00:00
TX00772,ACC0039,payment,1422.23,2023-12-16 00:00:00
TX00773,ACC0039,deposit,332.96,2023-09-25 00:00:00
TX00774,ACC0039,deposit,9771.41,2023-10-28 00:00:00
TX00775,ACC0039,deposit,18211.68,2023-03-03 00:00:00
TX00776,ACC0039,withdrawal,6929.03,2023-10-06 00:00:00
TX00777,ACC0039,transfer,1440.95,2023-10-04 00:00:00
TX00778,ACC0039,withdrawal,8655.63,2023-04-09 00:00:00
TX00779,ACC0040,deposit,6195.64,2023-05-02 00:00:00
TX00780,ACC0040,withdrawal,4602.95,2023-10-15 00:00:00
TX00781,ACC0040,transfer,17165.49,2023-12-01 00:00:00
TX00782,ACC0040,withdrawal,2067.58,2023-03-16 00:00:00
TX00783,ACC0040,withdrawal,7486.33,2023-11-09 00:00:00
TX00784,ACC0040,deposit,7920.19,2023-06-16 00:00:00
TX00785,ACC0040,withdrawal,3396,2023-01-07 00:00:00
TX00786,ACC0040,deposit,17812.93,2023-07-12 00:00:00
TX00787,ACC0040,payment,6861.4,2023-07-21 00:00:00
TX00788,ACC0040,withdrawal,12774.36,2023-05-06 00:00:00
TX00789,ACC0040,withdrawal,2115.07,2023-03-05 00:00:00
TX00790,ACC0040,withdrawal,7355.42,2023-04-26 00:00:00
TX00791,ACC0040,withdrawal,11237.8,2023-01-31 00:00:00
TX00792,ACC0040,withdrawal,2897,2023-11-21 00:00:00
TX00793,ACC0040,deposit,19551.3,2023-03-08 00:00:00
TX00794,ACC0040,payment,7745.71,2023-06-04 00:00:00
TX00795,ACC0040,deposit,18520.18,2023-08-22 00:00:00
TX00796,ACC0040,deposit,6332.8,2023-05-05 00:00:00
TX00797,ACC0040,withdrawal,5855.97,2023-05-02 00:00:00
TX00798,ACC0040,deposit,19122.78,2023-12-23 00:00:00
TX00799,ACC0040,withdrawal,8938.14,2023-10-01 00:00:00
TX00800,ACC0040,transfer,19681.86,2023-03-18 00:00:00
TX00801,ACC0041,deposit,715.66,2023-08-12 00:00:00
TX00802,ACC0041,deposit,10874.01,2023-06-14 00:00:00
TX00803,ACC0041,withdrawal,10691.92,2023-12-31 00:00:00
TX00804,ACC0041,withdrawal,16689.63,2023-02-11 00:00:00
TX00805,ACC0041,transfer,14209.37,2023-09-07 00:00:00
TX00806,ACC0041,deposit,6914.71,2023-01-21 00:00:00
TX00807,ACC0041,payment,11198.41,2023-04-02 00:00:00
TX00808,ACC0041,withdrawal,19994.3,2023-04-21 00:00:00
TX00809,ACC0041,transfer,4225.45,2023-09-30 00:00:00
TX00810,ACC0041,withdrawal,6079.74,2023-08-02 00:00:00
TX00811,ACC0041,withdrawal,12451.14,2023-06-14 00:00:00
TX00812,ACC0041,withdrawal,3044.88,2023-01-05 00:00:00
TX00813,ACC0041,withdrawal,10906.19,2023-05-27 00:00:00
TX00814,ACC0041,deposit,11900.99,2023-12-20 00:00:00
TX00815,ACC0041,withdrawal,10714.39,2023-05-20 00:00:00
TX00816,ACC0041,deposit,14942.61,2023-01-05 00:00:00
TX00817,ACC0041,withdrawal,5587.77,2023-02-15 00:00:00
TX00818,ACC0041,deposit,19395.19,2023-05-27 00:00:00
TX00819,ACC0041,withdrawal,1964.08,2023-11-04 00:00:00
TX00820,ACC0041,transfer,11815.76,2023-09-07 00:00:00
TX00821,ACC0041,withdrawal,10496.64,2023-08-04 00:00:00
TX00822,ACC0041,withdrawal,12154.53,2023-07-11 00:00:00
TX00823,ACC0041,withdrawal,11587.85,2023-06-28 00:00:00
TX00824,ACC0041,transfer,9173.99,2023-04-02 00:00:00
TX00825,ACC0042,withdrawal,11868.99,2023-12-31 00:00:00
TX00826,ACC0042,withdrawal,19922.85,2023-11-24 00:00:00
TX00827,ACC0042,transfer,8839.08,2023-08-13 00:00:00
TX00828,ACC0042,transfer,1342.91,2023-10-21 00:00:00
TX00829,ACC0042,deposit,712.72,2023-07-08 00:00:00
TX00830,ACC0042,payment,480.41,2023-01-22 00:00:00
TX00831,ACC0042,withdrawal,14481.87,2023-02-23 00:00:00
TX00832,ACC0042,withdrawal,12687.63,2023-10-04 00:00:00
TX00833,ACC0042,deposit,16108.3,2023-06-01 00:00:00
TX00834,ACC0042,withdrawal,10618.7,2023-08-10 00:00:00
TX00835,ACC0042,deposit,19956.64,2023-09-21 00:00:00
TX00836,ACC0042,payment,1887.26,2023-01-30 00:00:00
TX00837,ACC0042,deposit,14783.6,2023-01-25 00:00:00
TX00838,ACC0042,withdrawal,1473.69,2023-05-21 00:00:00
TX00839,ACC0042,withdrawal,15401.56,2023-05-08 00:00:00
TX00840,ACC0042,transfer,17700.04,2023-02-04 00:00:00
TX00841,ACC0042,withdrawal,1863.23,2023-09-22 00:00:00
TX00842,ACC0042,withdrawal,5678.66,2023-09-17 00:00:00
TX00843,ACC0042,withdrawal,1413.6,2023-12-21 00:00:00
TX00844,ACC0042,withdrawal,12678.59,2023-06-22 00:00:00
TX00845,ACC0042,withdrawal,221.17,2023-03-24 00:00:00
TX00846,ACC0042,withdrawal,6061.36,2023-05-25 00:00:00
TX00847,ACC0042,withdrawal,15910.86,2023-05-24 00:00:00
TX00848,ACC0042,withdrawal,2989.41,2023-01-13 00:00:00
TX00849,ACC0042,withdrawal,4301.14,2023-10-17 00:00:00
TX00850,ACC0042,deposit,16089.31,2023-04-30 00:00:00
TX00851,ACC0042,withdrawal,18131.61,2023-08-09 00:00:00
TX00852,ACC0042,withdrawal,16860.39,2023-08-21 00:00:00
TX00853,ACC0043,withdrawal,7220.5,2023-11-09 00:00:00
TX00854,ACC0043,withdrawal,3838.07,2023-07-02 00:00:00
TX00855,ACC0043,withdrawal,9042.06,2023-01-10 00:00:00
TX00856,ACC0043,transfer,11137.68,2023-05-28 00:00:00
TX00857,ACC0043,withdrawal,4914.44,2023-02-22 00:00:00
TX00858,ACC0043,transfer,11094.77,2023-07-10 00:00:00
TX00859,ACC0043,deposit,18344.15,2023-09-21 00:00:00
TX00860,ACC0043,deposit,9984.24,2023-10-17 00:00:00
TX00861,ACC0043,deposit,12628.2,2023-03-16 00:00:00
TX00862,ACC0043,deposit,8108.69,2023-08-29 00:00:00
TX00863,ACC0043,withdrawal,1032.35,2023-04-06 00:00:00
TX00864,ACC0043,withdrawal,17924.96,2023-03-29 00:00:00
TX00865,ACC0043,transfer,176.02,2023-11-21 00:00:00
TX00866,ACC0043,payment,1746.04,2023-06-05 00:00:00
TX00867,ACC0043,deposit,7268.65,2023-05-27 00:00:00
TX00868,ACC0043,withdrawal,17344.3,2023-04-10 00:00:00
TX00869,ACC0043,payment,18865.38,2023-03-24 00:00:00
TX00870,ACC0043,payment,7608.63,2023-06-28 00:00:00
TX00871,ACC0043,deposit,13771.68,2023-08-06 00:00:00
TX00872,ACC0043,withdrawal,18610.4,2023-08-05 00:00:00
TX00873,ACC0043,withdrawal,186.83,2023-01-23 00:00:00
TX00874,ACC0043,deposit,17522.67,2023-04-11 00:00:00
TX00875,ACC0044,deposit,2679.05,2023-10-08 00:00:00
TX00876,ACC0044,deposit,2196.76,2023-07-30 00:00:00
TX00877,ACC0044,withdrawal,1058.9,2023-04-11 00:00:00
TX00878,ACC0044,withdrawal,7763.89,2023-02-10 00:00:00
TX00879,ACC0044,withdrawal,2308.45,2023-09-13 00:00:00
TX00880,ACC0044,deposit,7459.28,2023-01-13 00:00:00
TX00881,ACC0044,withdrawal,16461.38,2023-01-31 00:00:00
TX00882,ACC0044,withdrawal,7486.12,2023-06-15 00:00:00
TX00883,ACC0044,withdrawal,17615.12,2023-04-10 00:00:00
TX00884,ACC0044,withdrawal,12194.27,2023-06-11 00:00:00
TX00885,ACC0045,deposit,13067.63,2023-10-01 00:00:00
TX00886,ACC0045,withdrawal,19494.38,2023-05-29 00:00:00
TX00887,ACC0045,withdrawal,9416.27,2023-03-06 00:00:00
TX00888,ACC0045,transfer,5819.45,2023-08-15 00:00:00
TX00889,ACC0045,withdrawal,16483.86,2023-02-23 00:00:00
TX00890,ACC0045,withdrawal,5425.09,2023-02-22 00:00:00
TX00891,ACC0045,withdrawal,4913.59,2023-04-12 00:00:00
TX00892,ACC0045,deposit,484.62,2023-12-22 00:00:00
TX00893,ACC0045,payment,725.29,2023-04-21 00:00:00
TX00894,ACC0045,deposit,18130.71,2023-01-24 00:00:00
TX00895,ACC0045,withdrawal,17565.18,2023-07-07 00:00:00
TX00896,ACC0045,deposit,15269.95,2023-04-29 00:00:00
TX00897,ACC0045,withdrawal,15481.14,2023-04-14 00:00:00
TX00898,ACC0045,deposit,17156.88,2023-06-30 00:00:00
TX00899,ACC0045,deposit,7713.35,2023-08-21 00:00:00
TX00900,ACC0045,deposit,5385.1,2023-08-12 00:00:00
TX00901,ACC0045,deposit,15485.52,2023-01-07 00:00:00
TX00902,ACC0045,deposit,7497.61,2023-01-16 00:00:00
TX00903,ACC0046,deposit,12964.53,2023-05-15 00:00:00
TX00904,ACC0046,transfer,13544.04,2023-06-09 00:00:00
TX00905,ACC0046,transfer,15685.65,2023-08-05 00:00:00
TX00906,ACC0046,deposit,4221.19,2023-02-28 00:00:00
TX00907,ACC0046,deposit,1407.33,2023-06-06 00:00:00
TX00908,ACC0046,deposit,9733.13,2023-03-20 00:00:00
TX00909,ACC0046,deposit,13465.68,2023-01-04 00:00:00
TX00910,ACC0046,payment,18860.21,2023-05-13 00:00:00
TX00911,ACC0046,withdrawal,13054.05,2023-11-27 00:00:00
TX00912,ACC0046,payment,1604.54,2023-08-21 00:00:00
TX00913,ACC0046,deposit,14539.98,2023-07-18 00:00:00
TX00914,ACC0046,deposit,12486.03,2023-10-28 00:00:00
TX00915,ACC0046,deposit,19634.9,2023-12-26 00:00:00
TX00916,ACC0046,payment,3361.23,2023-11-17 00:00:00
TX00917,ACC0046,deposit,18357.97,2023-08-04 00:00:00
TX00918,ACC0046,withdrawal,10822.38,2023-06-08 00:00:00
TX00919,ACC0046,withdrawal,1337.84,2023-08-29 00:00:00
TX00920,ACC0046,payment,9996.52,2023-12-27 00:00:00
TX00921,ACC0046,withdrawal,2772.07,2023-08-14 00:00:00
TX00922,ACC0046,deposit,10062.01,2023-10-04 00:00:00
TX00923,ACC0046,payment,12456.08,2023-03-03 00:00:00
TX00924,ACC0046,transfer,9247.33,2023-07-21 00:00:00
TX00925,ACC0046,deposit,9226.1,2023-01-03 00:00:00
TX00926,ACC0046,deposit,8966.28,2023-08-23 00:00:00
TX00927,ACC0046,withdrawal,2826.28,2023-11-27 00:00:00
TX00928,ACC0047,withdrawal,7897.98,2023-03-11 00:00:00
TX00929,ACC0047,deposit,12767.12,2023-09-09 00:00:00
TX00930,ACC0047,payment,14263.28,2023-03-31 00:00:00
TX00931,ACC0047,withdrawal,4460.44,2023-12-23 00:00:00
TX00932,ACC0047,withdrawal,11911.86,2023-11-07 00:00:00
TX00933,ACC0047,deposit,359.29,2023-09-17 00:00:00
TX00934,ACC0047,transfer,14669.24,2023-05-05 00:00:00
TX00935,ACC0047,payment,19206.7,2023-09-02 00:00:00
TX00936,ACC0047,payment,19344.35,2023-01-08 00:00:00
TX00937,ACC0047,deposit,9590.31,2023-12-18 00:00:00
TX00938,ACC0047,deposit,4717.59,2023-02-08 00:00:00
TX00939,ACC0047,withdrawal,19207.34,2023-08-30 00:00:00
TX00940,ACC0047,withdrawal,10028.02,2023-05-17 00:00:00
TX00941,ACC0047,transfer,15709.98,2023-06-05 00:00:00
TX00942,ACC0047,deposit,12723.84,2023-08-04 00:00:00
TX00943,ACC0047,transfer,3639.97,2023-02-24 00:00:00
TX00944,ACC0047,withdrawal,1998.45,2023-04-11 00:00:00
TX00945,ACC0047,deposit,8115.01,2023-12-30 00:00:00
TX00946,ACC0047,withdrawal,2458.2,2023-09-22 00:00:00
TX00947,ACC0047,deposit,19802.72,2023-02-03 00:00:00
TX00948,ACC0047,payment,993.73,2023-04-03 00:00:00
TX00949,ACC0047,withdrawal,12745.33,2023-04-27 00:00:00
